AccountID,CustomerID,AccountType,CurrentBalance,OverdraftLimit,AccountStatus
500001,100001,Savings,11290.85,0,Open
500002,100002,Current,20926.58,500,Open
500003,100003,Current,28104.47,0,Open
500004,100004,Current,28395.43,0,Open
500005,100005,Current,41150.24,0,Open
500006,100006,Current,19032.29,500,Open
500007,100007,Savings,34990.62,0,Open
500008,100008,ISA,44236.99,0,Open
500009,100009,Savings,6539.28,0,Open
500010,100009,Savings,14737.19,0,Open
500011,100009,Current,11732.95,1500,Open
500012,100010,Current,10444.13,0,Open
500013,100010,Current,12288.08,1000,Open
500014,100011,ISA,62581.71,0,Open
500015,100011,Savings,18305.38,0,Open
500016,100012,Savings,19667.5,0,Open
500017,100013,Current,29756.4,0,Open
500018,100014,Current,17950.29,0,Open
500019,100014,Current,60472.47,1000,Open
500020,100015,Savings,23444.8,0,Open
500021,100015,ISA,12323.17,0,Open
500022,100016,Current,14703.7,1000,Open
500023,100017,Current,14399.6,0,Open
500024,100017,Savings,9605.9,0,Open
500025,100018,Current,29493.44,0,Open
500026,100019,Savings,31295.4,0,Open
500027,100020,Savings,11812.32,0,Open
500028,100021,Current,3079.94,0,Open
500029,100022,Current,23231.87,0,Open
500030,100023,Current,10958.97,1000,Open
500031,100023,Savings,83434.72,0,Open
500032,100024,Savings,11625.73,0,Open
500033,100024,Current,68052.99,1500,Open
500034,100025,Current,7158.53,1500,Open
500035,100025,Savings,70716.08,0,Open
500036,100026,Current,37629.09,0,Open
500037,100027,Current,15557.22,1500,Open
500038,100027,Savings,22537.54,0,Open
500039,100028,Savings,8028.78,0,Open
500040,100029,Current,19657.23,1000,Dormant
500041,100029,Savings,34746.35,0,Open
500042,100030,Savings,79576.97,0,Open
500043,100031,Current,33313.31,0,Open
500044,100031,Current,29580.01,1500,Open
500045,100032,Savings,9840.43,0,Open
500046,100032,ISA,40301.82,0,Open
500047,100032,Current,5339.23,0,Open
500048,100033,Current,30190.64,1000,Open
500049,100034,Savings,57432.69,0,Open
500050,100034,Current,83801.57,1500,Open
500051,100035,Savings,4532.64,0,Open
500052,100035,Current,12260.68,500,Open
500053,100036,Current,5009.84,2000,Open
500054,100037,Current,32955.11,0,Open
500055,100038,Current,14800.64,0,Open
500056,100038,Savings,11046.48,0,Open
500057,100038,Current,14502.64,500,Open
500058,100039,Current,14940.72,1000,Open
500059,100039,Current,6394.32,1500,Open
500060,100040,Current,14739.89,500,Open
500061,100041,Savings,47165.18,0,Dormant
500062,100041,Current,9152.59,1000,Open
500063,100042,Savings,57441.41,0,Open
500064,100043,Current,12634.18,0,Open
500065,100044,Current,61248.55,2000,Open
500066,100044,Current,96092.73,1000,Open
500067,100045,Savings,13903.25,0,Open
500068,100046,Savings,8248.19,0,Open
500069,100046,Current,20258.67,1500,Open
500070,100047,Current,16832.28,2000,Open
500071,100048,Current,34521.66,1500,Dormant
500072,100049,Current,6112.4,0,Open
500073,100049,Savings,19062.47,0,Open
500074,100050,Current,7831.24,2000,Open
500075,100050,Savings,4319.17,0,Open
500076,100051,Savings,66817.15,0,Open
500077,100052,Current,28928.53,0,Open
500078,100053,Current,28901.43,1000,Open
500079,100054,Current,30535.86,1500,Open
500080,100054,Savings,77596.62,0,Open
500081,100055,Current,4418.88,1500,Open
500082,100055,Savings,124211.45,0,Open
500083,100056,Savings,78816.5,0,Open
500084,100056,Savings,10750.02,0,Open
500085,100057,Current,10643.34,0,Open
500086,100057,Current,6118.09,0,Open
500087,100058,ISA,13022.97,0,Open
500088,100058,Current,11132.58,2000,Open
500089,100058,Current,642.49,500,Open
500090,100059,ISA,19210.18,0,Open
500091,100060,Savings,33464.26,0,Open
500092,100061,Current,12039.59,1000,Open
500093,100061,ISA,73369.62,0,Open
500094,100062,Current,39858.29,1500,Open
500095,100062,Current,51374.61,0,Open
500096,100063,Savings,72183.59,0,Dormant
500097,100064,Current,47385.57,0,Open
500098,100064,Current,16671.55,1500,Open
500099,100064,Current,2739.24,2000,Open
500100,100065,ISA,19123.18,0,Open
500101,100066,Savings,72062.31,0,Open
500102,100067,Savings,58722.5,0,Open
500103,100068,Current,4028.31,1000,Open
500104,100069,Savings,8286.6,0,Open
500105,100070,Current,24017.94,0,Open
500106,100070,Current,19035.08,0,Open
500107,100071,Current,2571.96,500,Dormant
500108,100071,Current,30634.12,2000,Open
500109,100072,Savings,54237.8,0,Open
500110,100072,Current,7475.47,0,Open
500111,100073,Current,23206.95,0,Open
500112,100074,Current,40993.59,0,Open
500113,100075,Current,22052.73,500,Open
500114,100075,ISA,175005.09,0,Open
500115,100076,ISA,18855.43,0,Open
500116,100076,Current,18961.12,0,Open
500117,100076,Current,13113.24,1000,Open
500118,100077,Current,5790.15,1000,Open
500119,100077,Current,94502.15,2000,Open
500120,100078,Savings,93528.03,0,Open
500121,100079,Current,0.0,1000,Open
500122,100079,Current,8788.3,0,Open
500123,100080,ISA,22502.63,0,Open
500124,100080,Current,5315.57,1500,Open
500125,100081,Current,12744.03,0,Open
500126,100082,Current,16933.63,0,Open
500127,100083,Savings,29540.47,0,Open
500128,100084,Current,6046.05,0,Open
500129,100084,Current,4718.71,1000,Open
500130,100085,Current,26438.29,1000,Open
500131,100085,Current,12110.64,1000,Open
500132,100086,Current,22474.23,1500,Open
500133,100087,Current,810.65,0,Open
500134,100087,Current,45936.86,2000,Open
500135,100088,Savings,8953.64,0,Open
500136,100089,Current,2226.02,1000,Open
500137,100089,Current,55924.26,500,Open
500138,100090,Current,9362.89,1500,Open
500139,100090,Current,7774.32,1000,Open
500140,100090,Current,26194.53,1000,Open
500141,100091,Current,3202.12,0,Open
500142,100091,Current,55596.96,500,Open
500143,100091,Current,9902.22,0,Open
500144,100092,Current,2147.85,1000,Open
500145,100093,Current,4550.66,0,Open
500146,100094,Current,2547.72,0,Open
500147,100094,ISA,36598.3,0,Open
500148,100095,Current,31128.67,1000,Open
500149,100095,Savings,4908.07,0,Open
500150,100095,Savings,8351.83,0,Open
500151,100096,Current,49347.55,1000,Open
500152,100097,Current,8589.76,1000,Open
500153,100097,ISA,12128.85,0,Open
500154,100098,ISA,23659.05,0,Open
500155,100098,ISA,23241.55,0,Open
500156,100099,Current,23189.05,0,Dormant
500157,100099,ISA,90683.5,0,Open
500158,100099,Savings,45501.38,0,Open
500159,100100,Savings,21835.96,0,Open
500160,100101,Current,3046.46,1500,Dormant
500161,100101,Savings,18853.97,0,Open
500162,100101,Current,5634.17,1000,Open
500163,100102,Savings,49546.64,0,Open
500164,100103,Current,2528.46,0,Open
500165,100104,Savings,14413.57,0,Open
500166,100105,Current,13514.76,1000,Open
500167,100105,Current,26897.24,0,Dormant
500168,100106,Current,56591.81,0,Dormant
500169,100107,Current,705.98,1500,Open
500170,100108,Current,61891.9,2000,Open
500171,100108,Savings,88492.95,0,Open
500172,100109,Current,20489.08,2000,Open
500173,100109,Current,6990.64,2000,Open
500174,100110,Current,33145.43,1000,Open
500175,100111,Current,30161.98,0,Open
500176,100112,Savings,19282.26,0,Open
500177,100112,ISA,10169.55,0,Open
500178,100112,Savings,28641.5,0,Open
500179,100113,Savings,1330.82,0,Open
500180,100113,Savings,26295.09,0,Open
500181,100114,Current,90834.41,0,Open
500182,100114,Savings,125396.04,0,Open
500183,100115,Current,22455.77,0,Open
500184,100115,Current,29512.58,500,Open
500185,100116,Current,18947.8,0,Open
500186,100116,Current,20731.89,1000,Open
500187,100117,Savings,36978.87,0,Open
500188,100118,Current,42371.03,1500,Open
500189,100119,Current,32259.4,0,Open
500190,100120,Current,5623.52,1000,Open
500191,100120,Savings,15030.26,0,Open
500192,100121,Savings,23999.16,0,Open
500193,100122,Savings,5421.39,0,Open
500194,100122,Savings,31493.58,0,Open
500195,100123,ISA,129284.81,0,Open
500196,100123,Current,5518.08,1000,Open
500197,100123,Savings,7341.75,0,Dormant
500198,100124,Current,2233.47,0,Open
500199,100125,Current,28810.47,1000,Open
500200,100126,Current,33390.79,0,Open
500201,100126,Savings,42876.59,0,Open
500202,100126,Current,23911.92,0,Open
500203,100127,ISA,41258.2,0,Open
500204,100128,Savings,17187.44,0,Open
500205,100129,Current,33915.07,0,Open
500206,100130,Current,77976.73,2000,Open
500207,100131,ISA,20544.91,0,Open
500208,100131,Current,27041.3,0,Open
500209,100132,Current,6854.96,500,Open
500210,100133,Current,25655.57,1000,Open
500211,100134,Current,9656.02,0,Open
500212,100135,Savings,18483.28,0,Open
500213,100135,Savings,9910.35,0,Open
500214,100136,Savings,2983.34,0,Open
500215,100137,ISA,47361.79,0,Open
500216,100137,Savings,42899.17,0,Open
500217,100138,Savings,19361.33,0,Open
500218,100138,Current,14375.82,0,Open
500219,100139,Savings,67162.01,0,Open
500220,100139,Current,60038.82,0,Open
500221,100140,Savings,44368.14,0,Open
500222,100140,Savings,72411.29,0,Open
500223,100141,Current,18964.19,1500,Open
500224,100141,Current,24695.14,1500,Open
500225,100142,Savings,13517.18,0,Open
500226,100142,Savings,7589.31,0,Open
500227,100143,ISA,44804.08,0,Open
500228,100144,Savings,21014.65,0,Open
500229,100145,Current,62048.4,0,Open
500230,100146,Current,24994.44,0,Open
500231,100147,Current,19467.29,1000,Open
500232,100147,Current,23606.53,0,Open
500233,100148,Current,5802.12,0,Open
500234,100148,Current,3386.02,0,Open
500235,100149,Current,32061.54,1500,Open
500236,100149,Savings,34699.71,0,Open
500237,100150,Current,26087.26,2000,Dormant
500238,100151,ISA,81995.73,0,Open
500239,100152,Current,6357.38,0,Open
500240,100152,Current,12836.54,2000,Open
500241,100153,Savings,45909.66,0,Open
500242,100153,Savings,65515.5,0,Open
500243,100154,Savings,15228.88,0,Open
500244,100154,Current,5702.91,500,Open
500245,100155,Current,15690.49,1500,Open
500246,100155,Savings,69789.99,0,Open
500247,100156,Savings,32231.11,0,Open
500248,100157,Current,72330.86,1500,Open
500249,100158,ISA,9028.27,0,Open
500250,100159,ISA,46835.61,0,Open
500251,100160,Savings,33839.06,0,Open
500252,100161,Savings,23355.66,0,Open
500253,100162,ISA,7029.21,0,Open
500254,100162,Savings,18064.7,0,Dormant
500255,100162,Current,53771.74,500,Open
500256,100163,Current,16519.15,1000,Open
500257,100164,Current,5894.87,2000,Open
500258,100165,Savings,35667.43,0,Open
500259,100165,Current,35753.94,1500,Open
500260,100166,Savings,16204.59,0,Open
500261,100166,Savings,25753.42,0,Open
500262,100167,Current,1282.33,1000,Open
500263,100167,Current,4703.13,0,Open
500264,100168,Current,22524.65,0,Open
500265,100168,Current,12313.96,1000,Open
500266,100169,Savings,48754.42,0,Open
500267,100169,Savings,60075.09,0,Open
500268,100170,ISA,28241.96,0,Open
500269,100170,ISA,37863.25,0,Open
500270,100171,Current,19007.36,2000,Dormant
500271,100172,Current,25518.34,500,Open
500272,100173,Current,25164.5,1000,Open
500273,100173,Current,19877.07,0,Dormant
500274,100173,Savings,44133.16,0,Open
500275,100174,Current,4201.2,0,Open
500276,100175,Current,48509.11,1000,Open
500277,100176,Current,1754.82,1500,Open
500278,100177,Current,16428.09,0,Open
500279,100178,Current,19228.58,500,Open
500280,100179,Current,29292.07,1500,Open
500281,100180,Savings,35754.23,0,Open
500282,100181,Current,11562.91,1000,Open
500283,100182,Savings,12944.93,0,Open
500284,100182,ISA,23766.15,0,Open
500285,100183,ISA,4823.54,0,Open
500286,100183,Current,995.32,1000,Open
500287,100184,Current,36148.51,0,Open
500288,100185,Current,41123.33,0,Open
500289,100186,Current,45816.24,500,Open
500290,100187,Savings,48753.7,0,Open
500291,100188,Current,48392.71,0,Open
500292,100188,ISA,130348.56,0,Open
500293,100188,Current,29249.51,2000,Open
500294,100189,Current,21634.64,1000,Open
500295,100190,Current,68779.06,2000,Open
500296,100191,Current,33872.91,1000,Open
500297,100192,Current,11785.32,2000,Open
500298,100193,Savings,13830.85,0,Open
500299,100194,Current,14120.51,1000,Open
500300,100195,Savings,18430.48,0,Open
500301,100196,Current,9911.28,1500,Dormant
500302,100197,Current,34713.5,0,Dormant
500303,100197,Current,27525.01,2000,Open
500304,100197,Savings,32493.95,0,Open
500305,100198,ISA,64165.14,0,Open
500306,100199,Current,24344.52,500,Open
500307,100200,ISA,71996.57,0,Open
500308,100201,Savings,31796.56,0,Open
500309,100201,Savings,37760.02,0,Open
500310,100202,Current,19958.04,2000,Open
500311,100202,Current,14619.24,0,Open
500312,100203,Current,14733.49,500,Open
500313,100203,Current,14486.09,0,Open
500314,100204,Current,83673.47,500,Dormant
500315,100204,Current,13147.65,2000,Open
500316,100205,Savings,29129.74,0,Open
500317,100206,Savings,32068.12,0,Open
500318,100206,Current,6160.77,0,Open
500319,100207,ISA,177623.84,0,Open
500320,100208,Current,17655.09,1000,Open
500321,100209,Savings,18841.66,0,Open
500322,100210,Current,11046.64,0,Open
500323,100210,ISA,25910.3,0,Open
500324,100210,Savings,2416.74,0,Open
500325,100211,Current,1401.74,2000,Open
500326,100212,ISA,44451.41,0,Open
500327,100213,ISA,11779.6,0,Dormant
500328,100213,Savings,89663.15,0,Open
500329,100214,Savings,49065.57,0,Open
500330,100215,Current,36005.94,0,Open
500331,100215,Current,5126.5,1500,Open
500332,100216,ISA,7782.49,0,Open
500333,100216,Current,24890.67,500,Open
500334,100216,Current,11753.55,1000,Open
500335,100217,Current,3055.35,0,Open
500336,100217,Current,59532.49,0,Open
500337,100218,Current,1322.61,2000,Open
500338,100219,Current,4848.32,0,Open
500339,100220,Savings,29458.5,0,Open
500340,100220,Current,45810.62,500,Open
500341,100220,Current,43958.1,0,Open
500342,100221,Current,12667.21,1000,Open
500343,100221,Current,8361.08,0,Open
500344,100222,Current,23239.25,0,Open
500345,100223,Savings,16509.82,0,Open
500346,100224,Current,6707.73,500,Open
500347,100224,Current,13618.28,1500,Open
500348,100225,Current,4015.26,1500,Open
500349,100226,Current,35968.69,2000,Open
500350,100226,Current,75002.49,2000,Open
500351,100226,Savings,66510.18,0,Open
500352,100227,ISA,36764.8,0,Open
500353,100228,Current,11447.13,1500,Open
500354,100228,Current,5156.5,1000,Open
500355,100228,Savings,10551.31,0,Open
500356,100229,Current,27335.84,1500,Open
500357,100230,Current,27578.58,1000,Open
500358,100230,Current,13107.07,1000,Open
500359,100231,Current,4402.67,0,Open
500360,100232,Savings,96790.94,0,Open
500361,100233,Savings,35645.97,0,Open
500362,100234,ISA,49581.46,0,Open
500363,100235,Current,28377.05,0,Open
500364,100235,Current,6835.91,2000,Open
500365,100236,Current,23861.91,1000,Dormant
500366,100236,Savings,14502.11,0,Open
500367,100237,Savings,24510.66,0,Open
500368,100237,Savings,26087.32,0,Open
500369,100238,Current,16306.67,0,Open
500370,100239,Current,21238.67,0,Open
500371,100239,Current,22184.45,500,Open
500372,100240,Savings,1655.42,0,Open
500373,100241,Current,26057.41,0,Open
500374,100241,Current,6397.97,500,Open
500375,100241,Savings,27976.29,0,Open
500376,100242,Current,61088.48,1500,Dormant
500377,100243,Savings,24528.68,0,Open
500378,100244,Savings,17282.34,0,Open
500379,100244,Savings,12272.08,0,Open
500380,100244,Current,4019.66,0,Open
500381,100245,Current,11889.41,0,Open
500382,100246,Current,12553.27,2000,Open
500383,100247,Current,31947.79,1500,Open
500384,100247,Current,51668.26,500,Open
500385,100248,Current,23623.39,2000,Open
500386,100248,Current,11229.46,0,Open
500387,100248,Savings,2880.13,0,Open
500388,100249,Current,4221.25,2000,Dormant
500389,100250,Current,28005.54,0,Open
500390,100251,Current,23450.19,500,Open
500391,100252,Current,15089.65,2000,Open
500392,100252,Savings,2273.59,0,Open
500393,100253,Current,17097.59,1000,Open
500394,100253,Current,41322.78,1000,Open
500395,100254,Current,33695.13,1500,Open
500396,100255,Current,1732.85,500,Open
500397,100255,Current,6387.5,1000,Open
500398,100256,Current,6300.57,1000,Open
500399,100256,Current,17737.36,0,Open
500400,100257,Current,101704.57,0,Open
500401,100258,Current,11999.02,0,Open
500402,100259,Current,42525.17,500,Open
500403,100260,Current,39049.98,0,Open
500404,100260,Savings,84113.84,0,Open
500405,100260,Current,16398.48,0,Open
500406,100261,Current,20398.3,0,Open
500407,100262,Current,11764.17,0,Open
500408,100263,ISA,51195.2,0,Open
500409,100264,Current,75665.11,0,Open
500410,100265,Current,10542.87,0,Open
500411,100265,Current,12889.27,0,Open
500412,100266,Current,3626.67,1000,Open
500413,100266,Current,7601.78,0,Open
500414,100267,Current,13563.92,0,Open
500415,100268,ISA,22953.7,0,Open
500416,100269,Savings,17653.31,0,Open
500417,100270,Savings,12036.26,0,Open
500418,100270,Savings,26793.84,0,Open
500419,100270,Savings,8307.27,0,Open
500420,100271,Current,10416.03,0,Open
500421,100271,Current,31079.08,1500,Open
500422,100272,ISA,31893.38,0,Open
500423,100272,Savings,16734.16,0,Open
500424,100273,Current,3060.26,1500,Open
500425,100273,Savings,6022.39,0,Open
500426,100274,ISA,35967.08,0,Open
500427,100275,Savings,42707.75,0,Open
500428,100276,Savings,20148.65,0,Open
500429,100276,Savings,90072.87,0,Open
500430,100277,Current,22845.88,0,Open
500431,100278,Current,63830.7,500,Open
500432,100278,Current,8715.86,2000,Open
500433,100279,ISA,70544.57,0,Open
500434,100280,Savings,46688.73,0,Dormant
500435,100280,Savings,22477.41,0,Open
500436,100281,Savings,44499.13,0,Open
500437,100282,Current,6908.65,500,Open
500438,100283,Current,2999.11,0,Open
500439,100284,Savings,17791.37,0,Open
500440,100284,Current,12795.76,500,Open
500441,100285,Savings,57052.76,0,Open
500442,100285,Savings,32695.79,0,Open
500443,100286,Savings,54515.75,0,Open
500444,100286,ISA,30113.89,0,Open
500445,100287,ISA,16129.21,0,Open
500446,100288,Savings,113150.39,0,Open
500447,100289,Current,22330.27,2000,Open
500448,100289,Current,49474.05,1000,Open
500449,100289,Current,17424.67,1000,Open
500450,100290,Current,42227.42,1500,Dormant
500451,100291,Savings,22180.46,0,Open
500452,100292,Current,19148.42,2000,Open
500453,100292,ISA,29586.15,0,Open
500454,100293,Savings,128004.86,0,Open
500455,100293,Current,42488.88,0,Open
500456,100294,Savings,2668.17,0,Open
500457,100295,ISA,26607.07,0,Open
500458,100296,ISA,13913.67,0,Open
500459,100296,Current,33284.22,1500,Open
500460,100297,Savings,83864.5,0,Open
500461,100298,Current,18329.49,0,Open
500462,100298,Current,28853.48,1000,Open
500463,100299,Savings,144360.23,0,Open
500464,100300,Current,13405.22,0,Open
500465,100301,Current,17870.71,1000,Open
500466,100302,Savings,14665.92,0,Open
500467,100302,Current,8222.85,2000,Open
500468,100303,Current,8823.88,0,Open
500469,100304,Current,9308.52,0,Open
500470,100305,Current,21633.55,0,Open
500471,100306,Current,4776.47,0,Open
500472,100306,Savings,27405.23,0,Open
500473,100307,Current,46636.2,500,Open
500474,100307,Current,36445.07,0,Open
500475,100308,Savings,29462.32,0,Open
500476,100308,Current,6431.96,1000,Open
500477,100309,ISA,78626.69,0,Open
500478,100310,Savings,17696.22,0,Open
500479,100310,Current,11036.25,1500,Open
500480,100311,Current,17849.48,1500,Open
500481,100312,Current,17783.51,1000,Open
500482,100312,Current,2617.9,1500,Open
500483,100313,Savings,14863.91,0,Open
500484,100314,Savings,58296.38,0,Open
500485,100315,Savings,22490.54,0,Open
500486,100315,Savings,53114.01,0,Open
500487,100316,Current,18220.36,0,Open
500488,100317,Current,908.2,2000,Open
500489,100317,Current,13739.82,1500,Open
500490,100317,Savings,25923.2,0,Open
500491,100318,Current,33544.37,1500,Open
500492,100318,ISA,71086.57,0,Open
500493,100318,ISA,85931.39,0,Open
500494,100319,Savings,29709.5,0,Open
500495,100319,ISA,19465.51,0,Open
500496,100319,Current,20942.5,500,Dormant
500497,100320,Current,5635.25,0,Open
500498,100321,Savings,30432.37,0,Open
500499,100322,Savings,25238.26,0,Open
500500,100322,ISA,30187.58,0,Dormant
500501,100323,Current,30865.28,0,Open
500502,100324,Savings,3782.81,0,Open
500503,100325,Current,7621.69,1500,Open
500504,100326,Savings,49964.78,0,Open
500505,100326,Current,25240.07,500,Open
500506,100327,Current,19320.71,0,Open
500507,100328,Current,64956.13,0,Open
500508,100329,Current,21422.69,2000,Open
500509,100330,Current,15505.96,1000,Open
500510,100330,Current,15325.64,1500,Open
500511,100330,Current,39690.91,1500,Open
500512,100331,Current,70027.67,1500,Open
500513,100332,Savings,8501.93,0,Open
500514,100333,Savings,24043.91,0,Open
500515,100334,Savings,19487.89,0,Open
500516,100334,Current,32614.76,0,Open
500517,100334,Savings,37071.94,0,Open
500518,100335,Current,3444.18,1000,Open
500519,100335,ISA,150747.22,0,Open
500520,100336,ISA,35817.76,0,Open
500521,100336,Savings,10567.38,0,Open
500522,100337,Current,976.08,500,Open
500523,100337,ISA,10442.14,0,Open
500524,100337,Current,1447.32,0,Open
500525,100338,Current,46375.54,0,Open
500526,100338,Savings,10675.11,0,Open
500527,100339,Current,5190.07,0,Open
500528,100339,ISA,17411.0,0,Open
500529,100340,ISA,13550.18,0,Open
500530,100341,Current,16619.5,2000,Open
500531,100341,Current,13588.6,1000,Open
500532,100342,Current,24660.02,0,Open
500533,100343,Savings,15861.13,0,Open
500534,100343,Current,13599.02,1500,Open
500535,100344,Current,9259.12,0,Open
500536,100345,Savings,3701.77,0,Open
500537,100346,Current,14774.78,0,Open
500538,100347,Savings,37797.92,0,Open
500539,100348,Current,7681.88,0,Open
500540,100348,Current,2990.02,1500,Open
500541,100349,Current,16127.27,1000,Open
500542,100350,Current,31200.2,1000,Open
500543,100351,Current,22246.74,500,Open
500544,100351,Current,26196.59,0,Open
500545,100352,Savings,4201.6,0,Open
500546,100353,Savings,2940.94,0,Open
500547,100353,Current,21257.01,1000,Open
500548,100353,Current,10987.7,0,Open
500549,100354,Savings,66075.88,0,Open
500550,100355,Savings,37455.9,0,Open
500551,100356,ISA,74026.15,0,Open
500552,100356,Current,4570.69,0,Open
500553,100357,Savings,196784.86,0,Open
500554,100358,Current,13860.08,2000,Open
500555,100358,Savings,28989.72,0,Open
500556,100359,Current,3119.07,1000,Open
500557,100359,Savings,3713.49,0,Open
500558,100360,ISA,87871.45,0,Open
500559,100361,Current,12671.72,0,Open
500560,100361,Savings,63007.81,0,Open
500561,100362,Current,1526.29,0,Open
500562,100363,Current,44894.16,0,Open
500563,100364,Savings,3590.85,0,Open
500564,100365,Current,33177.76,0,Open
500565,100365,Current,6616.22,0,Open
500566,100366,Savings,10290.83,0,Open
500567,100367,Current,11403.04,1500,Open
500568,100367,Current,1737.79,0,Open
500569,100367,Savings,17477.14,0,Open
500570,100368,Current,7067.35,0,Open
500571,100368,Savings,11863.2,0,Open
500572,100368,ISA,56351.58,0,Open
500573,100369,ISA,12558.96,0,Open
500574,100369,Current,19910.1,1000,Open
500575,100370,Current,28291.97,1000,Open
500576,100370,Current,8351.07,0,Open
500577,100371,Current,4165.75,0,Open
500578,100372,ISA,10143.85,0,Open
500579,100373,Current,29827.23,500,Open
500580,100373,Current,23200.55,0,Open
500581,100374,Current,6694.98,1000,Open
500582,100375,Savings,10344.0,0,Open
500583,100375,Current,2272.6,500,Dormant
500584,100376,Savings,34481.15,0,Open
500585,100376,Current,20000.32,0,Open
500586,100377,Current,53747.85,1500,Open
500587,100378,Savings,107137.94,0,Open
500588,100378,Current,63423.86,0,Open
500589,100378,Current,28299.99,0,Open
500590,100379,Savings,25925.53,0,Open
500591,100380,Current,5884.49,0,Open
500592,100381,ISA,46648.93,0,Open
500593,100381,Savings,24966.4,0,Open
500594,100381,Current,7907.82,0,Open
500595,100382,Savings,47442.33,0,Open
500596,100383,Savings,34775.71,0,Open
500597,100384,Current,2339.63,0,Open
500598,100385,Current,26369.34,1000,Open
500599,100385,Savings,32418.69,0,Open
500600,100385,Savings,43932.32,0,Open
500601,100386,Savings,39931.48,0,Open
500602,100386,Savings,45777.89,0,Open
500603,100387,Current,4685.54,0,Open
500604,100387,Savings,46321.76,0,Open
500605,100388,Current,13164.45,2000,Open
500606,100389,Savings,5770.21,0,Open
500607,100390,Current,14512.32,1000,Open
500608,100391,Current,32718.12,1000,Open
500609,100391,Current,52688.09,1000,Open
500610,100392,Current,41130.25,1500,Open
500611,100393,Savings,8676.7,0,Open
500612,100393,Current,7723.2,1000,Open
500613,100394,Savings,22692.63,0,Open
500614,100394,Savings,29294.1,0,Open
500615,100395,Current,12712.88,1500,Open
500616,100396,Current,4416.51,1500,Open
500617,100396,Savings,9037.92,0,Open
500618,100397,Savings,12859.69,0,Dormant
500619,100398,Savings,160979.54,0,Open
500620,100398,Savings,14735.88,0,Open
500621,100399,Current,19526.33,1000,Open
500622,100400,Current,22418.4,1000,Open
500623,100401,Current,2644.13,1000,Open
500624,100401,Savings,839.34,0,Dormant
500625,100402,Current,4904.32,0,Open
500626,100402,Current,979.34,0,Open
500627,100403,Savings,132806.74,0,Dormant
500628,100404,Savings,16280.15,0,Open
500629,100405,Current,2800.35,1000,Open
500630,100406,Savings,93674.49,0,Open
500631,100406,Savings,80539.78,0,Open
500632,100407,Savings,9868.36,0,Open
500633,100408,Savings,22394.33,0,Open
500634,100408,Current,21130.75,1000,Open
500635,100409,Savings,4107.83,0,Open
500636,100410,ISA,72551.79,0,Open
500637,100411,Current,16504.02,2000,Open
500638,100411,Current,10837.14,0,Open
500639,100412,Current,21806.75,1500,Open
500640,100412,Savings,59043.24,0,Open
500641,100413,Current,9754.24,0,Open
500642,100413,Current,25354.3,0,Open
500643,100414,Current,27018.24,1000,Open
500644,100414,Savings,29260.93,0,Open
500645,100414,Current,9514.21,0,Open
500646,100415,Savings,154168.47,0,Open
500647,100415,Savings,69743.37,0,Open
500648,100416,Current,29888.7,0,Open
500649,100417,Savings,28709.08,0,Open
500650,100418,Current,5565.36,1500,Open
500651,100419,ISA,75654.66,0,Open
500652,100420,Current,12466.09,1000,Open
500653,100421,Savings,7469.45,0,Open
500654,100421,Savings,49248.88,0,Open
500655,100422,Current,40546.29,500,Open
500656,100422,Current,10946.59,0,Open
500657,100423,Current,30285.51,1000,Open
500658,100424,Current,54314.87,500,Open
500659,100425,Savings,73344.14,0,Open
500660,100426,Current,30324.07,0,Open
500661,100426,Current,35122.59,1000,Open
500662,100427,Current,26250.58,0,Open
500663,100427,ISA,18099.49,0,Open
500664,100427,Savings,17066.74,0,Open
500665,100428,Current,13154.38,500,Open
500666,100428,ISA,18905.22,0,Open
500667,100429,Current,9890.08,0,Open
500668,100430,Current,36754.61,2000,Open
500669,100431,Current,11997.98,1500,Open
500670,100432,Current,5715.11,0,Open
500671,100433,Current,27088.19,1500,Open
500672,100434,Savings,170152.37,0,Open
500673,100435,Current,5517.89,500,Open
500674,100436,Savings,9690.73,0,Open
500675,100436,ISA,5283.54,0,Open
500676,100437,Savings,42592.76,0,Open
500677,100438,Current,4150.26,1000,Open
500678,100439,Current,51771.82,2000,Open
500679,100440,ISA,196728.39,0,Open
500680,100441,Savings,63859.37,0,Open
500681,100441,Current,48354.01,0,Open
500682,100442,ISA,22496.39,0,Open
500683,100443,Current,7391.36,0,Open
500684,100444,Current,30110.26,0,Open
500685,100444,Current,18563.54,1000,Open
500686,100444,Savings,37045.21,0,Open
500687,100445,Current,5351.74,0,Open
500688,100446,Savings,70276.27,0,Open
500689,100447,Current,12517.95,1000,Open
500690,100447,Savings,59089.97,0,Open
500691,100448,Current,9865.09,0,Dormant
500692,100448,Current,18414.02,0,Open
500693,100449,Current,14761.57,1500,Open
500694,100450,Current,13325.92,0,Open
500695,100450,Current,5608.16,500,Open
500696,100451,Current,16425.04,500,Open
500697,100452,Current,17001.73,0,Open
500698,100453,Savings,11716.99,0,Open
500699,100453,Current,61599.51,1000,Open
500700,100453,Current,15117.52,1000,Open
500701,100454,Current,57099.24,500,Open
500702,100455,Current,7155.78,0,Open
500703,100456,Current,40737.11,0,Open
500704,100457,Savings,11943.54,0,Open
500705,100457,Savings,12271.69,0,Open
500706,100458,ISA,52513.57,0,Open
500707,100459,Current,21044.89,0,Open
500708,100460,Current,44455.15,2000,Open
500709,100461,Current,2916.43,2000,Open
500710,100462,Savings,36524.0,0,Open
500711,100462,Current,7956.15,0,Open
500712,100463,Savings,36269.63,0,Open
500713,100464,Savings,739.16,0,Open
500714,100464,ISA,15543.93,0,Open
500715,100465,Current,15430.45,0,Open
500716,100466,Savings,51920.91,0,Open
500717,100467,Savings,16063.27,0,Open
500718,100467,Savings,26604.79,0,Open
500719,100468,Current,6321.08,1000,Open
500720,100469,Current,20477.36,1500,Open
500721,100470,Current,6960.1,0,Open
500722,100470,ISA,68374.36,0,Open
500723,100470,Current,12788.33,1500,Open
500724,100471,Savings,28455.94,0,Open
500725,100471,Savings,61414.48,0,Open
500726,100472,ISA,108967.06,0,Open
500727,100473,Current,11705.16,0,Open
500728,100473,ISA,41766.25,0,Open
500729,100474,Current,13397.64,1500,Open
500730,100475,Savings,16030.44,0,Open
500731,100476,Current,39876.26,0,Open
500732,100476,Current,15504.98,1000,Open
500733,100477,ISA,59260.03,0,Open
500734,100478,Current,10572.16,1000,Open
500735,100478,Current,18212.73,0,Open
500736,100478,Savings,62925.03,0,Open
500737,100479,Current,5076.01,1000,Open
500738,100479,Current,16897.02,0,Open
500739,100480,Savings,14891.07,0,Open
500740,100480,Savings,50565.71,0,Open
500741,100481,Current,4434.29,0,Open
500742,100482,Current,6207.46,0,Open
500743,100483,Current,16318.18,1000,Open
500744,100484,Current,38049.18,1000,Open
500745,100485,Savings,61869.4,0,Open
500746,100486,ISA,10690.11,0,Open
500747,100486,Current,1253.62,0,Open
500748,100487,Current,17343.45,500,Open
500749,100488,Current,18173.45,1500,Open
500750,100488,Savings,20284.32,0,Open
500751,100489,Savings,0.0,0,Dormant
500752,100490,Savings,8356.98,0,Open
500753,100491,Current,4029.38,2000,Open
500754,100491,Savings,6307.62,0,Open
500755,100491,Savings,16251.67,0,Open
500756,100492,ISA,15691.0,0,Open
500757,100493,ISA,10175.62,0,Open
500758,100494,Savings,69164.82,0,Open
500759,100495,Current,3808.7,500,Open
500760,100496,ISA,11595.89,0,Open
500761,100497,Current,29099.59,1500,Open
500762,100498,Current,26316.21,0,Open
500763,100499,Current,7772.95,0,Open
500764,100500,Current,2455.42,0,Open
500765,100500,Current,27879.68,2000,Open
500766,100501,Current,23217.06,500,Dormant
500767,100502,Current,16716.54,500,Open
500768,100503,Current,25738.1,0,Open
500769,100504,Current,28777.88,0,Dormant
500770,100505,Current,36976.49,2000,Open
500771,100506,Current,2610.02,0,Open
500772,100507,Savings,7058.14,0,Open
500773,100507,Savings,26918.65,0,Open
500774,100508,Current,4795.48,1500,Open
500775,100508,Savings,25760.89,0,Open
500776,100509,Savings,45215.05,0,Dormant
500777,100509,Current,20952.48,0,Open
500778,100509,Current,9593.92,500,Open
500779,100510,Current,8113.11,1500,Open
500780,100511,ISA,4512.48,0,Open
500781,100512,Current,4513.28,0,Open
500782,100512,Current,8536.47,0,Open
500783,100513,Savings,11414.69,0,Open
500784,100514,Current,9990.26,1500,Open
500785,100514,Savings,16467.5,0,Open
500786,100515,Current,10712.08,0,Open
500787,100516,ISA,22853.41,0,Open
500788,100517,Savings,6121.49,0,Open
500789,100518,Current,14470.41,500,Open
500790,100519,ISA,12176.23,0,Open
500791,100520,Savings,38295.61,0,Open
500792,100521,Current,8885.75,1000,Open
500793,100521,ISA,59051.7,0,Open
500794,100522,Savings,58499.08,0,Open
500795,100523,Current,29228.26,0,Open
500796,100524,Current,4647.25,0,Open
500797,100525,Current,15961.68,0,Open
500798,100525,Current,4339.18,0,Open
500799,100525,ISA,8205.78,0,Open
500800,100526,Savings,35945.03,0,Open
500801,100527,Savings,44858.68,0,Open
500802,100527,Savings,34330.86,0,Open
500803,100527,Current,8918.19,0,Open
500804,100528,Current,7718.49,2000,Open
500805,100528,Savings,13294.21,0,Open
500806,100529,Current,21214.94,1000,Open
500807,100529,Current,13518.16,2000,Open
500808,100529,Savings,69222.6,0,Open
500809,100530,Savings,17207.15,0,Open
500810,100530,Current,32905.24,1000,Open
500811,100531,Current,8404.03,0,Open
500812,100532,Current,2142.32,0,Open
500813,100532,ISA,26607.78,0,Open
500814,100533,Current,8645.13,500,Open
500815,100533,Current,22816.12,0,Open
500816,100534,Savings,36549.18,0,Open
500817,100535,Current,17182.16,500,Open
500818,100536,Current,42472.58,500,Open
500819,100536,Savings,9189.94,0,Open
500820,100537,ISA,33400.93,0,Open
500821,100537,Savings,58332.83,0,Open
500822,100538,Current,12696.25,0,Open
500823,100539,Current,11273.35,0,Open
500824,100540,Current,7057.26,0,Open
500825,100540,Savings,38100.39,0,Dormant
500826,100540,Current,12769.44,0,Dormant
500827,100541,Current,3253.32,1500,Open
500828,100542,Current,20359.78,500,Open
500829,100542,ISA,94601.32,0,Open
500830,100543,Savings,44589.2,0,Open
500831,100544,Savings,66370.3,0,Open
500832,100545,Current,6700.28,0,Open
500833,100546,Savings,33835.42,0,Open
500834,100547,Current,18867.32,0,Open
500835,100547,Current,17049.67,1000,Open
500836,100548,Current,17404.19,0,Open
500837,100549,Current,21850.33,1000,Open
500838,100550,ISA,30746.14,0,Open
500839,100550,Current,44218.51,2000,Open
500840,100551,ISA,14152.75,0,Open
500841,100552,Current,18877.94,500,Open
500842,100553,ISA,7353.09,0,Open
500843,100553,Savings,18710.79,0,Open
500844,100554,Current,27460.37,2000,Open
500845,100555,Current,10240.14,500,Open
500846,100555,Current,54332.42,0,Open
500847,100555,Current,25079.16,0,Open
500848,100556,ISA,2993.38,0,Open
500849,100557,Current,15536.22,0,Open
500850,100558,Current,15472.2,500,Open
500851,100558,Current,44585.87,0,Open
500852,100559,Current,1182.35,1000,Open
500853,100560,Current,5636.74,0,Open
500854,100561,Current,27151.62,0,Open
500855,100562,Current,45512.92,0,Open
500856,100562,Current,34561.8,500,Open
500857,100562,Savings,39068.65,0,Open
500858,100563,Savings,19045.5,0,Open
500859,100563,Current,7420.19,500,Open
500860,100564,Savings,24589.48,0,Open
500861,100565,Savings,9356.26,0,Open
500862,100566,Current,460.59,0,Open
500863,100567,Current,80398.82,1000,Dormant
500864,100568,Current,32123.83,2000,Open
500865,100569,Current,13019.36,500,Open
500866,100569,ISA,23099.21,0,Open
500867,100570,Savings,29298.08,0,Open
500868,100570,Current,62762.37,1000,Open
500869,100571,Current,23323.86,500,Open
500870,100571,Savings,39386.58,0,Open
500871,100572,Current,6118.42,1500,Open
500872,100573,Savings,14223.88,0,Dormant
500873,100574,Savings,21886.59,0,Open
500874,100574,Current,14201.09,0,Open
500875,100574,Current,4926.33,500,Open
500876,100575,Savings,54571.89,0,Open
500877,100575,Savings,29477.5,0,Open
500878,100575,Savings,25488.84,0,Open
500879,100576,Current,16372.36,1000,Open
500880,100577,Current,4403.62,2000,Open
500881,100577,Current,7175.46,1000,Open
500882,100578,Current,21902.29,500,Open
500883,100579,Current,47271.6,2000,Open
500884,100580,Current,30998.54,1500,Open
500885,100580,Current,23173.71,1000,Open
500886,100581,Savings,21998.97,0,Open
500887,100581,Savings,20890.25,0,Open
500888,100581,ISA,13885.66,0,Open
500889,100582,Savings,46554.05,0,Open
500890,100583,Current,20221.8,1500,Dormant
500891,100584,ISA,12642.41,0,Open
500892,100585,Current,4055.28,0,Open
500893,100586,Current,19227.17,500,Open
500894,100587,Current,5689.78,500,Open
500895,100588,Current,31057.15,0,Open
500896,100589,Savings,7054.72,0,Dormant
500897,100590,Current,20537.54,2000,Open
500898,100591,ISA,32119.85,0,Open
500899,100592,Current,14606.02,0,Open
500900,100592,Savings,17016.48,0,Open
500901,100592,Savings,13591.65,0,Open
500902,100593,Savings,19839.64,0,Open
500903,100593,ISA,21708.96,0,Open
500904,100594,Savings,6388.91,0,Open
500905,100595,Current,7858.89,1500,Open
500906,100595,Savings,37165.95,0,Open
500907,100596,Savings,122381.45,0,Open
500908,100597,Current,1377.72,0,Open
500909,100598,Current,20448.45,1500,Open
500910,100598,Current,7638.31,1500,Open
500911,100599,Current,7497.29,1500,Open
500912,100600,Current,52236.1,0,Open
500913,100600,Current,49971.73,2000,Open
500914,100601,Current,7930.4,500,Open
500915,100602,Current,934.25,1500,Open
500916,100602,Current,29359.24,500,Open
500917,100603,Current,5602.48,500,Open
500918,100604,Savings,12936.17,0,Open
500919,100604,Current,3742.55,0,Open
500920,100604,Savings,66567.22,0,Open
500921,100605,Savings,4199.66,0,Open
500922,100606,Current,63608.6,0,Open
500923,100606,Current,41934.7,1500,Open
500924,100606,Current,66796.53,500,Open
500925,100607,ISA,44798.96,0,Open
500926,100608,Savings,36050.44,0,Open
500927,100608,Current,51084.04,1000,Open
500928,100609,Savings,49750.43,0,Open
500929,100609,Current,1813.16,0,Open
500930,100610,Savings,18786.66,0,Open
500931,100611,Current,40241.54,0,Open
500932,100611,Current,19827.63,1500,Open
500933,100612,Current,19857.23,0,Open
500934,100613,Current,8705.45,0,Open
500935,100614,Savings,73434.52,0,Open
500936,100614,Savings,36890.64,0,Open
500937,100615,Current,27361.96,2000,Open
500938,100616,Current,6252.35,1000,Open
500939,100616,Current,13292.6,1000,Open
500940,100616,Current,9450.32,0,Open
500941,100617,Current,24851.95,0,Open
500942,100617,Savings,7867.23,0,Open
500943,100618,Current,19829.57,500,Open
500944,100619,Current,9117.71,2000,Open
500945,100619,Current,14053.24,0,Open
500946,100619,Savings,5215.43,0,Open
500947,100620,Current,11404.22,2000,Open
500948,100620,Current,14001.63,0,Open
500949,100621,Current,20400.78,2000,Dormant
500950,100621,Current,17008.57,1500,Open
500951,100622,Savings,28782.28,0,Dormant
500952,100623,ISA,4969.13,0,Open
500953,100624,Savings,6764.08,0,Open
500954,100624,Savings,60250.83,0,Open
500955,100625,Current,81562.35,0,Open
500956,100626,Current,8428.19,500,Open
500957,100627,Current,17502.94,0,Open
500958,100627,Current,6021.69,2000,Open
500959,100628,Current,2357.31,1000,Dormant
500960,100629,Current,46057.44,0,Open
500961,100630,Savings,85765.99,0,Open
500962,100631,Savings,32946.22,0,Open
500963,100631,Savings,61312.12,0,Open
500964,100632,Savings,11974.91,0,Open
500965,100633,Current,9562.31,0,Open
500966,100634,Current,24341.33,0,Open
500967,100635,Current,17595.14,1500,Open
500968,100636,ISA,120148.22,0,Open
500969,100636,Savings,99444.48,0,Open
500970,100637,Savings,4942.56,0,Open
500971,100637,Current,4056.04,500,Open
500972,100638,Savings,29509.29,0,Open
500973,100639,Savings,31400.82,0,Open
500974,100639,Current,8572.99,0,Open
500975,100640,ISA,6982.35,0,Open
500976,100640,Current,33567.21,0,Open
500977,100641,Current,47453.41,1500,Dormant
500978,100642,ISA,147403.99,0,Open
500979,100643,Savings,141880.09,0,Open
500980,100643,ISA,176126.03,0,Open
500981,100644,Savings,91929.15,0,Open
500982,100645,Current,53264.49,0,Open
500983,100646,Savings,31027.65,0,Open
500984,100646,Savings,36515.63,0,Open
500985,100646,Current,29758.39,0,Open
500986,100647,Current,1947.12,0,Dormant
500987,100647,Savings,3639.41,0,Open
500988,100647,Current,2682.6,1500,Open
500989,100648,Savings,18157.62,0,Open
500990,100649,ISA,46295.3,0,Open
500991,100650,Current,36560.23,0,Open
500992,100651,Current,14218.16,0,Open
500993,100651,Current,11768.04,500,Open
500994,100652,Savings,53043.93,0,Open
500995,100652,Current,2559.55,500,Open
500996,100653,Savings,20312.01,0,Open
500997,100654,Current,22396.0,500,Open
500998,100654,Savings,12606.25,0,Open
500999,100655,Savings,9285.64,0,Open
501000,100656,Current,9323.37,500,Open
501001,100656,Current,2408.14,0,Open
501002,100657,Current,86248.2,1000,Open
501003,100658,Current,9361.0,2000,Dormant
501004,100658,Savings,2341.35,0,Open
501005,100658,Savings,26626.33,0,Open
501006,100659,Current,583.12,0,Open
501007,100659,Current,6502.23,1000,Open
501008,100660,ISA,14997.28,0,Open
501009,100660,Current,51991.44,1500,Open
501010,100661,Current,12222.62,0,Open
501011,100661,Savings,1806.87,0,Open
501012,100662,Current,37043.66,0,Open
501013,100662,Current,5998.59,1500,Open
501014,100663,Current,17106.42,0,Open
501015,100664,Current,31448.73,500,Open
501016,100664,Current,14341.93,1000,Open
501017,100664,Current,16023.84,0,Open
501018,100665,Savings,27366.4,0,Open
501019,100665,Current,6993.79,1000,Open
501020,100666,Current,26734.9,1500,Open
501021,100667,Savings,5564.55,0,Open
501022,100668,Current,20778.97,0,Open
501023,100669,Current,9099.64,0,Open
501024,100669,Current,37283.96,0,Open
501025,100670,Current,1476.1,0,Open
501026,100670,Current,19853.94,0,Open
501027,100670,Savings,8955.01,0,Open
501028,100671,Savings,22848.94,0,Open
501029,100672,Savings,48310.89,0,Dormant
501030,100672,Savings,14220.13,0,Open
501031,100673,Current,24773.65,0,Open
501032,100674,Current,3262.83,1500,Open
501033,100674,ISA,15965.57,0,Open
501034,100675,Current,68369.84,0,Open
501035,100676,ISA,14679.28,0,Open
501036,100677,Current,16442.39,0,Open
501037,100677,Savings,13020.49,0,Open
501038,100677,Current,22008.84,500,Open
501039,100678,Savings,7875.17,0,Open
501040,100679,Current,11731.56,1500,Open
501041,100680,Savings,11862.53,0,Open
501042,100681,Current,51657.64,0,Open
501043,100681,Current,9158.7,1000,Open
501044,100682,Savings,9921.69,0,Open
501045,100682,Current,28956.3,1500,Open
501046,100682,Current,28026.85,0,Open
501047,100683,Savings,35352.86,0,Open
501048,100684,ISA,62898.79,0,Open
501049,100685,Savings,6509.01,0,Open
501050,100686,Current,11877.21,0,Open
501051,100687,Current,18834.91,0,Open
501052,100688,Current,17466.06,1500,Open
501053,100689,Current,3426.1,2000,Open
501054,100690,Savings,130365.31,0,Open
501055,100691,Current,20781.48,0,Open
501056,100691,Current,2017.4,500,Open
501057,100692,Current,29630.39,1000,Open
501058,100693,Current,6950.64,0,Open
501059,100693,Current,20814.88,1000,Open
501060,100694,ISA,14991.26,0,Open
501061,100695,Current,12439.21,500,Open
501062,100695,Savings,50543.76,0,Open
501063,100695,Current,38163.45,1000,Open
501064,100696,Current,17646.98,0,Open
501065,100697,Current,8260.52,0,Open
501066,100698,ISA,77295.88,0,Open
501067,100698,Current,19082.23,1000,Open
501068,100698,Current,37631.72,0,Open
501069,100699,Current,9020.4,2000,Open
501070,100699,Savings,18367.6,0,Open
501071,100700,Current,7755.6,0,Open
501072,100700,Current,2935.16,500,Open
501073,100701,Current,4573.5,1000,Open
501074,100702,ISA,6424.91,0,Open
501075,100703,ISA,28788.24,0,Open
501076,100704,Savings,6532.93,0,Dormant
501077,100705,Current,17841.65,0,Open
501078,100706,Current,12525.85,0,Open
501079,100706,Current,10418.9,0,Open
501080,100706,Current,10562.01,500,Open
501081,100707,Savings,10324.52,0,Open
501082,100707,Current,2711.04,0,Open
501083,100708,Savings,31998.82,0,Open
501084,100708,Current,2279.36,0,Open
501085,100709,ISA,30563.79,0,Open
501086,100709,Current,16290.37,0,Open
501087,100710,Current,7884.21,1500,Open
501088,100710,ISA,19953.27,0,Open
501089,100711,Savings,22187.58,0,Open
501090,100712,Current,6173.17,1500,Open
501091,100712,Current,3298.13,500,Open
501092,100713,Current,10122.29,0,Open
501093,100714,Current,4310.95,0,Open
501094,100715,Current,17383.12,1000,Open
501095,100716,Savings,46799.03,0,Open
501096,100717,Current,60709.03,2000,Open
501097,100718,Current,9319.58,0,Open
501098,100718,Current,7974.67,1500,Open
501099,100719,Savings,62241.87,0,Open
501100,100720,Savings,88844.63,0,Open
501101,100721,Current,762.31,1000,Open
501102,100722,Current,12077.57,2000,Open
501103,100722,Current,29736.7,0,Open
501104,100723,Savings,29780.6,0,Open
501105,100724,Current,12079.11,2000,Open
501106,100725,Savings,12354.37,0,Open
501107,100725,Current,9974.93,1000,Open
501108,100726,ISA,73650.42,0,Open
501109,100726,Current,26226.98,2000,Open
501110,100727,ISA,54232.49,0,Open
501111,100727,Current,4811.76,1000,Open
501112,100727,Current,10299.03,2000,Open
501113,100728,ISA,33596.7,0,Dormant
501114,100728,Current,12686.55,0,Open
501115,100729,Savings,55738.68,0,Open
501116,100729,Current,6362.47,500,Open
501117,100730,Current,34683.88,2000,Open
501118,100730,Savings,40888.46,0,Open
501119,100731,Current,12386.72,1000,Open
501120,100732,Savings,31362.23,0,Dormant
501121,100733,Savings,9278.29,0,Open
501122,100733,Current,5842.78,0,Open
501123,100733,ISA,40002.92,0,Open
501124,100734,Savings,16569.18,0,Open
501125,100735,Current,24399.86,0,Open
501126,100735,ISA,10206.47,0,Open
501127,100735,Current,19201.09,0,Dormant
501128,100736,Savings,7010.61,0,Open
501129,100737,ISA,22846.45,0,Open
501130,100738,Current,5062.69,500,Open
501131,100738,ISA,78591.6,0,Open
501132,100739,Current,4919.71,500,Open
501133,100740,Current,12167.35,500,Open
501134,100740,Current,4836.93,1000,Open
501135,100740,Savings,46133.43,0,Open
501136,100741,Current,15403.22,1000,Open
501137,100742,Current,30872.27,1000,Open
501138,100743,Savings,80287.53,0,Open
501139,100744,Savings,37985.4,0,Open
501140,100744,Current,16055.56,0,Open
501141,100744,Current,14782.85,0,Open
501142,100745,Current,8841.97,0,Open
501143,100746,Savings,53506.54,0,Open
501144,100746,Savings,2413.22,0,Open
501145,100747,Savings,29810.82,0,Open
501146,100748,Current,10976.63,0,Open
501147,100749,Current,5940.54,0,Open
501148,100749,Current,27173.69,0,Dormant
501149,100750,Current,17781.22,500,Open
501150,100750,Current,16888.0,0,Open
501151,100751,Current,18293.16,0,Open
501152,100752,Current,19573.14,0,Open
501153,100753,Savings,44092.85,0,Open
501154,100753,Current,18098.29,1500,Dormant
501155,100754,Current,18757.62,0,Open
501156,100754,ISA,83343.56,0,Open
501157,100755,Current,38045.92,1500,Dormant
501158,100755,Current,41515.76,1000,Open
501159,100756,Current,3030.71,500,Open
501160,100757,Current,1295.8,1000,Open
501161,100758,Current,7466.66,1500,Open
501162,100759,Current,5167.15,1000,Open
501163,100759,Savings,16831.59,0,Open
501164,100760,Current,32639.93,1000,Open
501165,100760,Current,8097.8,0,Open
501166,100761,Current,13925.17,0,Open
501167,100762,Savings,33746.59,0,Open
501168,100763,Savings,76110.75,0,Open
501169,100764,Current,3293.58,2000,Open
501170,100765,Current,4148.68,500,Open
501171,100765,Current,3625.38,1000,Open
501172,100766,Savings,36200.97,0,Open
501173,100766,Current,11186.72,2000,Dormant
501174,100767,Savings,48862.09,0,Open
501175,100768,Current,29865.59,0,Open
501176,100768,Savings,11676.51,0,Open
501177,100768,Current,34673.61,1000,Open
501178,100769,Current,25346.47,1500,Open
501179,100769,Current,2106.54,500,Open
501180,100770,Current,7925.48,1000,Open
501181,100771,Current,76242.92,0,Open
501182,100772,Savings,4540.43,0,Open
501183,100772,Current,22278.12,1500,Dormant
501184,100773,Savings,89182.0,0,Open
501185,100774,Current,42551.27,500,Dormant
501186,100774,Savings,50913.95,0,Open
501187,100774,Savings,27953.67,0,Open
501188,100775,Current,22253.46,0,Open
501189,100775,Savings,6643.77,0,Open
501190,100776,Savings,33019.57,0,Open
501191,100776,Current,31712.64,0,Open
501192,100777,ISA,10917.34,0,Open
501193,100777,Current,26017.69,0,Open
501194,100778,Savings,57456.09,0,Open
501195,100779,Current,49116.53,0,Open
501196,100780,Current,5955.87,500,Open
501197,100781,Current,9845.73,0,Open
501198,100781,Current,15025.32,2000,Open
501199,100782,Current,5423.7,0,Open
501200,100783,Current,33403.45,2000,Open
501201,100783,Current,12271.99,1500,Open
501202,100784,Current,98572.81,1000,Open
501203,100784,Current,10682.43,1000,Open
501204,100785,Savings,32657.76,0,Open
501205,100786,Savings,89842.15,0,Open
501206,100786,Savings,26648.13,0,Open
501207,100786,ISA,179777.97,0,Dormant
501208,100787,Savings,40719.57,0,Open
501209,100787,Current,15659.68,0,Open
501210,100788,Savings,27012.53,0,Open
501211,100788,Current,15557.44,0,Open
501212,100789,Current,11841.81,1000,Open
501213,100789,Savings,176732.41,0,Open
501214,100790,Savings,16303.97,0,Open
501215,100790,Savings,57153.09,0,Open
501216,100791,Current,31268.05,2000,Open
501217,100792,Savings,55398.71,0,Open
501218,100793,Current,14698.68,1000,Open
501219,100794,Current,39197.65,1500,Open
501220,100795,ISA,7080.06,0,Open
501221,100795,Current,42857.48,1000,Open
501222,100796,Current,9033.4,1500,Open
501223,100796,Current,14685.67,1500,Open
501224,100797,ISA,56176.67,0,Open
501225,100798,Current,6313.92,0,Open
501226,100798,Current,8023.07,0,Open
501227,100798,Current,15899.44,500,Open
501228,100799,Current,5624.74,0,Open
501229,100799,Current,13863.23,1000,Dormant
501230,100800,Current,11607.65,0,Open
501231,100801,Current,25455.64,2000,Open
501232,100802,Savings,23628.71,0,Open
501233,100803,Current,15501.87,0,Open
501234,100804,Current,19244.91,1000,Open
501235,100805,ISA,35624.55,0,Open
501236,100806,Savings,13261.7,0,Open
501237,100807,Current,42817.37,0,Open
501238,100807,Current,27581.39,500,Open
501239,100808,ISA,25442.2,0,Open
501240,100809,Current,28079.83,1500,Open
501241,100810,Savings,36231.33,0,Open
501242,100811,Savings,11997.96,0,Open
501243,100812,Current,33109.38,0,Open
501244,100812,Current,28341.32,1000,Open
501245,100812,Savings,65374.77,0,Open
501246,100813,Current,7456.98,0,Open
501247,100814,Current,15521.63,0,Open
501248,100815,Savings,22155.11,0,Open
501249,100816,Current,22854.79,2000,Open
501250,100817,Savings,26053.02,0,Open
501251,100818,Savings,48804.43,0,Open
501252,100818,Current,39293.69,1000,Open
501253,100819,Current,6213.19,500,Open
501254,100819,Current,7145.46,1500,Open
501255,100819,Savings,48656.69,0,Open
501256,100820,Current,16954.43,0,Open
501257,100820,Current,32023.33,0,Open
501258,100821,Current,3040.17,500,Open
501259,100822,Savings,20936.72,0,Open
501260,100822,Current,8024.44,0,Open
501261,100823,Current,6314.52,0,Open
501262,100824,Current,9279.31,2000,Open
501263,100824,Current,9353.45,0,Open
501264,100825,Savings,33257.54,0,Open
501265,100826,Current,8014.31,0,Open
501266,100827,Savings,63804.62,0,Open
501267,100827,Current,22444.53,0,Open
501268,100827,Current,18911.39,0,Open
501269,100828,Savings,20833.42,0,Open
501270,100829,Current,13928.16,2000,Open
501271,100829,Current,4860.69,0,Open
501272,100830,ISA,101876.46,0,Open
501273,100830,Current,25497.14,1000,Open
501274,100831,Savings,25616.35,0,Open
501275,100832,Savings,17017.58,0,Open
501276,100833,Current,38591.87,1500,Open
501277,100834,Savings,16167.56,0,Open
501278,100835,Savings,14191.13,0,Open
501279,100836,Current,15088.32,1000,Open
501280,100837,Savings,33325.35,0,Open
501281,100838,ISA,82329.85,0,Open
501282,100838,Current,37380.9,2000,Open
501283,100839,Savings,6153.31,0,Dormant
501284,100840,Current,6371.58,0,Open
501285,100841,ISA,14894.21,0,Open
501286,100842,Current,5604.24,0,Open
501287,100843,Current,22358.41,1500,Open
501288,100844,Current,16249.06,500,Open
501289,100844,Current,48172.1,500,Open
501290,100844,Current,6448.38,0,Open
501291,100845,ISA,121686.02,0,Open
501292,100845,Savings,24995.97,0,Open
501293,100846,Current,30713.35,0,Open
501294,100847,Current,26875.76,1000,Open
501295,100848,Current,1721.19,0,Open
501296,100849,Current,7879.67,1000,Open
501297,100849,Savings,9511.18,0,Open
501298,100850,Savings,77282.05,0,Open
501299,100851,Current,10360.54,1000,Open
501300,100851,Current,9305.01,500,Dormant
501301,100851,Savings,25683.6,0,Open
501302,100852,Current,44815.53,1500,Open
501303,100852,Current,45590.36,1500,Open
501304,100853,Current,6217.53,0,Open
501305,100854,Current,16054.95,0,Open
501306,100854,Savings,19449.01,0,Open
501307,100855,Current,5804.87,0,Open
501308,100855,Current,1621.16,1500,Open
501309,100856,Current,35280.05,2000,Open
501310,100857,Current,16686.2,1500,Open
501311,100858,Current,69925.45,1500,Open
501312,100858,Current,44930.74,1000,Open
501313,100858,Savings,79514.02,0,Open
501314,100859,Savings,71988.8,0,Open
501315,100860,Current,5910.85,2000,Open
501316,100860,ISA,5209.84,0,Open
501317,100861,ISA,42089.03,0,Open
501318,100862,Current,4976.69,1000,Open
501319,100862,Current,18096.0,0,Open
501320,100863,ISA,8378.87,0,Open
501321,100863,Current,29824.71,2000,Open
501322,100864,Savings,23307.89,0,Open
501323,100865,Current,25470.44,0,Open
501324,100866,Current,8930.8,1000,Open
501325,100867,Current,2076.2,0,Dormant
501326,100867,Current,7824.24,500,Open
501327,100868,Savings,40977.2,0,Open
501328,100868,Current,8267.29,1000,Open
501329,100869,Current,737.25,0,Open
501330,100870,Savings,0.0,0,Open
501331,100870,Savings,31361.24,0,Open
501332,100870,Savings,12695.64,0,Open
501333,100871,Current,37941.29,1500,Open
501334,100871,Savings,46415.35,0,Open
501335,100872,Savings,50875.82,0,Open
501336,100872,Savings,62219.35,0,Open
501337,100873,Current,23308.96,1500,Open
501338,100874,Current,37174.5,500,Open
501339,100874,Current,15969.32,1000,Open
501340,100875,Current,34380.33,0,Open
501341,100875,Current,22004.51,1500,Open
501342,100876,Current,11893.6,1000,Open
501343,100876,Current,26718.05,0,Open
501344,100876,Current,4466.99,0,Open
501345,100877,Savings,53260.07,0,Open
501346,100878,Current,13485.85,500,Open
501347,100879,Savings,16411.82,0,Open
501348,100880,Current,25067.67,2000,Open
501349,100881,Savings,57297.98,0,Open
501350,100881,Current,28152.15,0,Open
501351,100882,Current,3334.16,0,Open
501352,100882,ISA,35793.73,0,Dormant
501353,100883,Savings,10930.17,0,Open
501354,100883,Current,50873.72,0,Open
501355,100884,Current,8763.88,2000,Open
501356,100884,Current,19629.82,0,Open
501357,100884,Savings,32980.93,0,Open
501358,100885,Current,7301.73,0,Open
501359,100886,Savings,112547.33,0,Open
501360,100887,Current,6315.39,0,Open
501361,100888,Current,8661.92,500,Open
501362,100888,Savings,57558.91,0,Open
501363,100889,Savings,47607.02,0,Open
501364,100890,Current,30856.25,0,Open
501365,100891,Current,33361.98,1000,Open
501366,100892,Current,10068.23,0,Open
501367,100893,Current,14877.79,500,Open
501368,100893,ISA,25391.16,0,Open
501369,100894,Savings,14729.9,0,Open
501370,100894,Savings,32333.07,0,Open
501371,100895,Current,15610.69,2000,Open
501372,100896,Savings,74002.81,0,Open
501373,100897,Savings,26902.42,0,Open
501374,100897,Current,21058.27,0,Open
501375,100898,Current,7094.34,1500,Open
501376,100898,Current,10080.69,0,Open
501377,100899,Current,21782.98,1500,Open
501378,100899,Current,25662.35,500,Open
501379,100900,Current,10951.78,0,Open
501380,100900,Current,21902.29,0,Open
501381,100900,Current,16161.13,1000,Open
501382,100901,Current,10674.4,500,Open
501383,100901,Savings,29490.37,0,Dormant
501384,100902,Current,2286.43,1500,Open
501385,100903,Savings,20071.45,0,Open
501386,100904,Savings,31274.77,0,Open
501387,100905,Current,58103.92,0,Open
501388,100905,Current,27603.66,1000,Open
501389,100906,Savings,45598.36,0,Open
501390,100907,Current,1739.06,0,Open
501391,100907,Savings,20153.41,0,Open
501392,100908,Savings,6659.58,0,Dormant
501393,100908,Current,3701.77,0,Open
501394,100909,Current,16731.65,0,Dormant
501395,100909,Savings,93393.58,0,Open
501396,100909,Savings,38137.3,0,Open
501397,100910,Current,20668.52,1000,Open
501398,100911,Current,1574.42,0,Open
501399,100912,Current,24565.37,1500,Open
501400,100912,Savings,14539.04,0,Open
501401,100913,Savings,23863.07,0,Open
501402,100913,Current,10424.86,0,Open
501403,100913,Savings,33427.54,0,Open
501404,100914,ISA,62866.25,0,Open
501405,100914,Current,9429.8,2000,Open
501406,100915,Current,45461.7,500,Open
501407,100915,Current,2987.48,500,Open
501408,100916,Current,8618.91,500,Open
501409,100916,Current,40119.13,0,Open
501410,100917,Savings,55856.27,0,Open
501411,100918,ISA,56592.86,0,Open
501412,100919,Savings,58254.47,0,Open
501413,100919,Current,17381.24,1000,Open
501414,100920,Current,1243.9,1500,Open
501415,100921,Savings,30238.98,0,Open
501416,100921,Current,27561.73,0,Open
501417,100921,Current,39396.45,0,Open
501418,100922,Current,4982.1,1000,Open
501419,100922,Current,13921.67,1000,Open
501420,100923,Current,16228.96,0,Open
501421,100923,Current,3480.44,1000,Open
501422,100923,Savings,13280.14,0,Open
501423,100924,ISA,30738.15,0,Open
501424,100925,ISA,45635.06,0,Open
501425,100925,Current,19424.46,1000,Open
501426,100925,Current,15024.59,0,Open
501427,100926,Current,6250.3,0,Open
501428,100927,Savings,30094.1,0,Dormant
501429,100928,Savings,102816.01,0,Open
501430,100929,Current,2431.79,1000,Open
501431,100930,Current,41698.11,0,Open
501432,100930,Savings,36819.35,0,Dormant
501433,100931,Savings,94567.56,0,Open
501434,100931,Savings,74690.0,0,Open
501435,100932,Current,23493.76,0,Open
501436,100933,Savings,20038.94,0,Open
501437,100933,ISA,30503.7,0,Open
501438,100934,Current,5455.14,0,Open
501439,100935,Current,27831.87,1500,Open
501440,100935,Current,33968.11,0,Open
501441,100936,Savings,8885.48,0,Open
501442,100936,Current,5105.8,1000,Open
501443,100937,Current,21795.88,500,Open
501444,100937,ISA,4286.42,0,Open
501445,100938,Current,53013.19,2000,Open
501446,100938,ISA,95260.31,0,Open
501447,100939,Current,4343.72,1500,Open
501448,100939,Current,32924.04,0,Open
501449,100940,Savings,6340.38,0,Open
501450,100941,Current,24916.1,0,Open
501451,100941,Current,6169.88,0,Open
501452,100942,Savings,11667.75,0,Open
501453,100942,Current,6161.54,0,Open
501454,100943,Current,10695.85,500,Open
501455,100943,ISA,25580.98,0,Open
501456,100944,Savings,12920.06,0,Open
501457,100945,Current,40402.74,1000,Open
501458,100946,Savings,55650.14,0,Open
501459,100947,Savings,36298.99,0,Open
501460,100947,Current,5419.28,0,Dormant
501461,100948,Current,53191.9,0,Open
501462,100949,Current,2401.14,0,Open
501463,100950,Current,20885.96,1000,Open
501464,100950,Savings,22203.83,0,Open
501465,100951,Current,14965.8,1000,Open
501466,100952,Current,8855.42,0,Open
501467,100953,Current,12197.69,500,Open
501468,100953,Savings,17094.62,0,Open
501469,100953,Savings,15160.25,0,Open
501470,100954,Current,13617.37,1500,Open
501471,100955,Current,21364.32,500,Open
501472,100956,Current,17025.11,500,Open
501473,100956,Savings,21390.82,0,Open
501474,100957,Current,2855.57,0,Open
501475,100958,ISA,20351.87,0,Open
501476,100958,Current,8798.1,1000,Dormant
501477,100958,ISA,51940.71,0,Open
501478,100959,Current,7048.55,2000,Open
501479,100959,Current,5379.55,500,Open
501480,100960,Savings,34553.81,0,Open
501481,100960,ISA,24696.22,0,Open
501482,100961,Current,13452.31,500,Open
501483,100962,Current,8667.99,0,Open
501484,100962,Savings,9453.6,0,Open
501485,100963,ISA,64918.86,0,Open
501486,100964,Current,11436.71,1500,Open
501487,100964,Current,6865.03,1500,Open
501488,100964,Current,5851.45,2000,Open
501489,100965,Current,5865.93,0,Open
501490,100965,Savings,23155.0,0,Open
501491,100966,Savings,34516.24,0,Open
501492,100967,Current,59770.17,0,Open
501493,100968,ISA,85970.88,0,Open
501494,100969,Current,0.0,0,Open
501495,100970,Current,31498.4,0,Open
501496,100971,Savings,35631.63,0,Open
501497,100972,Current,15398.6,0,Dormant
501498,100973,Savings,20933.92,0,Open
501499,100974,Savings,11160.41,0,Open
501500,100974,Current,19163.56,500,Open
501501,100975,Current,47189.71,500,Open
501502,100976,Current,10377.6,0,Open
501503,100977,Current,32695.84,0,Open
501504,100978,ISA,39344.43,0,Open
501505,100979,Savings,41137.01,0,Open
501506,100979,Current,33411.58,500,Open
501507,100979,Current,22929.92,0,Open
501508,100980,Current,41202.8,2000,Open
501509,100981,Current,6690.27,1000,Open
501510,100981,Savings,24954.54,0,Open
501511,100982,Savings,42368.48,0,Open
501512,100982,ISA,115297.08,0,Open
501513,100982,ISA,28551.48,0,Open
501514,100983,Current,6458.63,0,Open
501515,100983,Savings,26036.86,0,Open
501516,100984,Current,4312.47,500,Open
501517,100984,Current,10290.06,0,Open
501518,100984,Current,7237.22,0,Open
501519,100985,Savings,40466.84,0,Open
501520,100986,Current,7319.43,0,Open
501521,100987,Current,21566.75,0,Open
501522,100988,ISA,47535.37,0,Dormant
501523,100988,Savings,15686.19,0,Open
501524,100989,Savings,35088.71,0,Open
501525,100989,Current,51298.13,2000,Open
501526,100990,Savings,24285.03,0,Open
501527,100990,Current,5154.95,0,Open
501528,100991,Current,30439.8,1000,Open
501529,100992,Current,4666.11,1000,Open
501530,100993,Savings,28116.86,0,Open
501531,100994,Current,8302.1,0,Open
501532,100995,Current,34990.66,500,Open
501533,100996,Savings,3940.65,0,Open
501534,100997,Current,20258.16,1000,Open
501535,100997,Savings,44524.66,0,Open
501536,100997,Savings,59313.84,0,Open
501537,100998,Savings,143731.35,0,Open
501538,100998,Savings,59255.63,0,Open
501539,100998,Savings,60323.87,0,Open
501540,100999,Savings,47835.35,0,Open
501541,101000,ISA,56285.85,0,Open
501542,101001,Savings,98110.73,0,Open
501543,101001,Savings,44234.52,0,Open
501544,101001,Current,55130.5,500,Open
501545,101002,ISA,48514.33,0,Open
501546,101002,Savings,67278.33,0,Open
501547,101003,Savings,1793.25,0,Open
501548,101003,ISA,19157.05,0,Open
501549,101004,Current,12779.76,1000,Open
501550,101004,Current,61870.55,0,Open
501551,101005,Savings,91101.15,0,Open
501552,101006,ISA,95479.67,0,Open
501553,101007,Current,13174.98,500,Open
501554,101007,Current,22693.29,1500,Open
501555,101008,Current,61592.47,0,Open
501556,101008,Current,20593.4,0,Open
501557,101009,Current,19872.66,0,Open
501558,101009,Current,27977.6,1000,Open
501559,101009,Current,18459.62,2000,Open
501560,101010,Current,10215.96,1500,Open
501561,101011,Savings,4917.85,0,Open
501562,101011,Current,15049.05,500,Open
501563,101012,Savings,5817.78,0,Open
501564,101013,Current,1851.2,0,Open
501565,101014,Savings,109771.65,0,Open
501566,101014,Current,2761.9,1500,Open
501567,101014,Savings,55241.36,0,Dormant
501568,101015,Current,4947.19,1500,Open
501569,101015,ISA,46682.4,0,Open
501570,101016,Savings,37277.38,0,Open
501571,101016,Savings,38245.45,0,Open
501572,101016,Current,18978.97,1000,Open
501573,101017,Current,13959.76,2000,Open
501574,101018,Savings,63024.61,0,Open
501575,101019,Savings,11419.93,0,Open
501576,101020,Current,32971.64,500,Open
501577,101021,Current,28231.85,500,Open
501578,101022,Savings,41672.87,0,Open
501579,101022,Savings,98051.91,0,Open
501580,101023,Savings,38059.47,0,Open
501581,101024,Savings,106876.91,0,Open
501582,101025,Savings,5832.12,0,Open
501583,101026,Current,4707.39,0,Open
501584,101026,Current,27930.11,0,Open
501585,101027,Current,6757.04,0,Open
501586,101027,Savings,4422.76,0,Open
501587,101028,Savings,32715.34,0,Open
501588,101028,Current,48275.63,0,Open
501589,101028,Current,2306.93,0,Open
501590,101029,Current,5284.75,0,Open
501591,101029,Current,6272.6,0,Open
501592,101029,ISA,5650.96,0,Open
501593,101030,Current,30849.92,500,Open
501594,101030,ISA,40043.11,0,Open
501595,101031,Savings,22297.39,0,Open
501596,101031,Savings,13933.98,0,Open
501597,101032,Savings,83335.44,0,Dormant
501598,101033,Savings,27302.9,0,Open
501599,101033,Savings,33152.4,0,Open
501600,101034,Current,2049.84,1500,Open
501601,101034,Current,2868.03,1000,Open
501602,101035,Current,18233.7,0,Open
501603,101036,Current,4103.55,0,Open
501604,101036,Savings,18441.57,0,Open
501605,101036,Current,23002.42,0,Open
501606,101037,Current,5580.23,1000,Open
501607,101037,Current,9943.86,1000,Open
501608,101037,Current,23963.07,0,Open
501609,101038,Current,18028.68,2000,Dormant
501610,101038,Savings,12536.14,0,Open
501611,101039,Current,8982.09,0,Open
501612,101039,Savings,25476.32,0,Open
501613,101040,Current,17840.34,1000,Open
501614,101041,Current,8104.9,0,Open
501615,101042,Current,37462.68,0,Open
501616,101042,Current,25214.8,500,Open
501617,101042,Current,20402.76,500,Open
501618,101043,Current,20846.96,1000,Open
501619,101044,Current,60441.78,1500,Open
501620,101045,Current,10644.37,0,Open
501621,101046,Savings,62099.45,0,Open
501622,101047,Current,30694.87,0,Open
501623,101047,Savings,188233.52,0,Open
501624,101048,Current,8800.24,0,Open
501625,101049,ISA,9130.88,0,Open
501626,101050,ISA,21073.68,0,Open
501627,101050,Current,6710.43,0,Open
501628,101050,Current,2970.5,1000,Open
501629,101051,Savings,21821.94,0,Dormant
501630,101052,Current,41393.11,1500,Open
501631,101053,Savings,37572.82,0,Open
501632,101053,Current,19265.87,500,Open
501633,101054,Savings,4444.83,0,Open
501634,101055,ISA,57132.8,0,Open
501635,101055,Current,35004.09,1500,Open
501636,101055,Current,13814.27,0,Open
501637,101056,Current,10960.93,0,Open
501638,101056,Current,19923.5,0,Open
501639,101057,Current,7990.53,2000,Open
501640,101057,Current,4291.31,500,Open
501641,101058,Savings,19172.97,0,Open
501642,101058,Savings,5237.01,0,Open
501643,101059,Current,9505.87,0,Dormant
501644,101059,Current,19278.72,500,Open
501645,101060,Current,46851.87,1000,Open
501646,101061,Savings,29969.31,0,Dormant
501647,101061,ISA,0.0,0,Open
501648,101062,Current,35577.62,1000,Dormant
501649,101063,Current,17713.12,500,Open
501650,101064,Current,7928.66,500,Open
501651,101065,Current,34822.62,2000,Open
501652,101066,Savings,90620.52,0,Open
501653,101067,Current,27473.39,0,Open
501654,101067,Savings,26870.08,0,Open
501655,101067,Current,62648.04,2000,Open
501656,101068,Current,23618.62,1000,Open
501657,101069,Savings,4044.25,0,Open
501658,101070,Savings,9598.44,0,Open
501659,101071,Current,8011.78,500,Open
501660,101072,Current,4278.98,500,Open
501661,101073,Current,8929.99,1500,Open
501662,101074,Savings,21957.35,0,Open
501663,101074,Current,31326.72,0,Open
501664,101075,Current,8762.89,1500,Open
501665,101076,Current,55178.95,500,Open
501666,101076,Current,41892.51,1000,Open
501667,101077,Savings,9142.33,0,Open
501668,101077,Savings,14422.99,0,Open
501669,101078,Savings,38750.13,0,Open
501670,101079,Current,25042.12,0,Open
501671,101080,Savings,4369.49,0,Open
501672,101081,Current,12129.76,1500,Open
501673,101082,Current,22633.96,2000,Open
501674,101083,ISA,19045.69,0,Open
501675,101084,Savings,136013.5,0,Open
501676,101085,Current,19310.28,0,Open
501677,101086,Current,13716.18,0,Open
501678,101087,Current,6348.18,1000,Open
501679,101088,Current,33920.53,0,Open
501680,101089,ISA,3878.1,0,Open
501681,101089,Current,33098.84,0,Open
501682,101090,Current,24108.73,0,Open
501683,101090,Savings,139408.99,0,Open
501684,101091,Current,7491.93,1000,Open
501685,101091,Savings,8076.69,0,Open
501686,101092,Current,38236.13,500,Open
501687,101093,Current,13424.75,2000,Open
501688,101094,Current,46835.07,0,Open
501689,101094,Current,64580.32,500,Open
501690,101094,Current,58572.08,0,Open
501691,101095,Current,14518.26,0,Open
501692,101095,Current,5815.26,2000,Open
501693,101096,Savings,16484.26,0,Open
501694,101096,Current,13292.6,0,Open
501695,101097,Current,25028.36,500,Open
501696,101097,Savings,9304.97,0,Open
501697,101098,Current,18084.15,0,Open
501698,101098,Savings,37525.57,0,Open
501699,101099,Current,28585.03,0,Open
501700,101100,Current,36068.89,500,Open
501701,101100,Current,16111.49,1000,Open
501702,101101,Current,15598.74,0,Open
501703,101101,Savings,19273.12,0,Open
501704,101102,Savings,28124.78,0,Open
501705,101103,Current,23333.18,0,Open
501706,101104,Current,52353.18,0,Open
501707,101104,Current,9439.88,2000,Open
501708,101105,Current,11540.83,1000,Open
501709,101105,Savings,27263.47,0,Open
501710,101106,Current,29827.88,0,Open
501711,101106,Current,11200.35,0,Open
501712,101107,Current,3175.7,0,Open
501713,101107,Current,35521.21,1500,Open
501714,101108,Current,21954.61,500,Open
501715,101108,Current,4910.07,0,Open
501716,101109,Current,19621.36,0,Open
501717,101109,Current,24866.49,0,Open
501718,101110,Current,11932.12,1000,Open
501719,101110,Current,3150.02,2000,Open
501720,101111,Savings,7001.41,0,Open
501721,101112,Savings,17102.65,0,Open
501722,101113,Savings,43281.17,0,Open
501723,101114,Current,6915.91,1000,Open
501724,101114,Current,6598.85,2000,Open
501725,101115,Current,4679.07,500,Open
501726,101115,Current,2595.02,1000,Open
501727,101116,Current,22503.18,500,Open
501728,101117,Current,18037.41,2000,Open
501729,101118,Current,9501.98,0,Open
501730,101118,Savings,17086.53,0,Open
501731,101119,Savings,28340.35,0,Open
501732,101119,Current,3532.4,1000,Open
501733,101120,ISA,100251.84,0,Open
501734,101121,Current,1243.32,0,Open
501735,101122,Current,15451.67,0,Open
501736,101122,Current,8577.86,1500,Open
501737,101123,Current,5540.8,0,Open
501738,101123,ISA,17313.87,0,Open
501739,101124,ISA,9133.64,0,Open
501740,101125,Current,2821.61,500,Open
501741,101126,Savings,43790.57,0,Open
501742,101127,ISA,131616.07,0,Open
501743,101127,Current,11043.39,1500,Open
501744,101127,Current,37236.84,1000,Open
501745,101128,Savings,26350.03,0,Open
501746,101129,ISA,262361.37,0,Open
501747,101130,ISA,7231.87,0,Open
501748,101131,Current,11985.5,0,Open
501749,101132,ISA,65118.12,0,Open
501750,101133,Current,65011.47,1500,Open
501751,101134,Current,19432.83,1500,Open
501752,101135,Savings,14276.73,0,Open
501753,101136,Current,25457.01,1000,Open
501754,101137,Current,12246.44,500,Open
501755,101138,Savings,68890.79,0,Open
501756,101139,Savings,15124.81,0,Open
501757,101139,Current,1880.31,0,Open
501758,101140,Current,4832.0,500,Open
501759,101141,Current,3293.97,0,Open
501760,101142,Current,5914.67,1500,Open
501761,101142,Savings,85014.5,0,Open
501762,101143,Savings,14219.81,0,Open
501763,101144,Current,10866.19,1500,Open
501764,101144,Savings,92612.6,0,Open
501765,101145,Savings,24403.48,0,Open
501766,101146,Savings,75165.45,0,Open
501767,101147,Savings,11250.83,0,Open
501768,101147,Current,7429.94,1500,Open
501769,101148,Current,31612.51,500,Open
501770,101149,Current,8220.6,0,Open
501771,101149,Current,9584.14,1000,Open
501772,101150,Current,36912.6,1500,Open
501773,101151,Current,18871.2,1500,Open
501774,101151,ISA,99395.8,0,Open
501775,101152,Savings,35963.21,0,Open
501776,101152,Current,20625.25,1500,Open
501777,101153,Current,26189.76,0,Open
501778,101153,Current,20608.17,1000,Open
501779,101154,Current,10033.54,0,Open
501780,101154,ISA,24593.87,0,Open
501781,101155,Current,17683.85,1000,Open
501782,101155,Current,3018.78,1500,Open
501783,101155,Savings,7371.47,0,Open
501784,101156,Current,11638.1,500,Open
501785,101157,ISA,33992.36,0,Open
501786,101157,Current,49060.03,0,Open
501787,101158,Savings,25069.85,0,Open
501788,101159,Savings,23472.61,0,Dormant
501789,101160,Current,3508.8,1000,Open
501790,101160,Current,7020.02,0,Open
501791,101160,Current,11968.1,1500,Open
501792,101161,Current,5016.94,2000,Open
501793,101162,Current,11823.27,1000,Open
501794,101162,Savings,26345.94,0,Open
501795,101163,Current,34249.43,1500,Open
501796,101164,Current,21913.75,1000,Open
501797,101165,Current,12957.09,0,Dormant
501798,101166,Savings,32461.38,0,Open
501799,101166,Current,17617.66,2000,Open
501800,101167,Current,19449.56,0,Open
501801,101168,ISA,20709.13,0,Open
501802,101168,Current,4262.67,1500,Open
501803,101168,ISA,50305.2,0,Open
501804,101169,Current,4864.2,1500,Open
501805,101169,Current,11672.3,500,Open
501806,101169,Current,10301.77,0,Open
501807,101170,Current,5199.37,1500,Open
501808,101171,Current,7882.12,500,Dormant
501809,101172,Current,13178.02,2000,Open
501810,101172,Savings,16967.34,0,Open
501811,101173,Current,31694.83,0,Open
501812,101174,Current,30846.44,1500,Open
501813,101174,ISA,12907.35,0,Open
501814,101174,Savings,50341.8,0,Open
501815,101175,Current,34971.85,500,Open
501816,101176,Current,2671.43,0,Open
501817,101176,Current,14812.48,0,Open
501818,101177,Savings,50333.12,0,Open
501819,101177,ISA,12179.94,0,Open
501820,101178,Current,15899.82,2000,Open
501821,101178,Savings,47360.95,0,Open
501822,101179,Current,21121.01,0,Open
501823,101180,Current,17914.2,500,Open
501824,101181,Savings,12925.55,0,Open
501825,101181,Savings,22888.87,0,Open
501826,101182,ISA,52358.0,0,Open
501827,101183,Current,37798.98,0,Open
501828,101184,Savings,9623.18,0,Open
501829,101185,Savings,6263.0,0,Open
501830,101186,ISA,15617.08,0,Open
501831,101187,Current,10170.61,1000,Open
501832,101188,Current,13396.01,0,Open
501833,101188,ISA,29846.85,0,Open
501834,101189,Current,8555.7,0,Open
501835,101190,Savings,12936.52,0,Open
501836,101190,Savings,86534.6,0,Open
501837,101191,Savings,1341.35,0,Open
501838,101191,Current,34346.2,500,Open
501839,101191,Current,27087.65,500,Open
501840,101192,Savings,21085.99,0,Open
501841,101193,Current,9452.34,0,Open
501842,101193,ISA,78486.73,0,Open
501843,101194,Savings,29207.38,0,Open
501844,101194,Savings,31100.96,0,Open
501845,101194,Current,9440.69,0,Open
501846,101195,Current,30217.81,1000,Open
501847,101195,Current,20218.58,0,Open
501848,101196,ISA,3099.23,0,Dormant
501849,101196,Current,2261.61,500,Dormant
501850,101197,Savings,59095.96,0,Open
501851,101198,Current,3932.54,500,Open
501852,101198,Current,17264.91,1000,Open
501853,101199,Current,9456.93,2000,Open
501854,101200,Savings,118918.64,0,Open
501855,101201,Savings,35314.99,0,Dormant
501856,101202,Current,20842.25,500,Open
501857,101203,Current,28185.72,2000,Open
501858,101204,Savings,17759.67,0,Open
501859,101204,Current,12614.38,1000,Dormant
501860,101205,Current,1191.73,0,Open
501861,101205,Savings,16084.38,0,Open
501862,101206,Current,10873.11,0,Open
501863,101206,Current,18306.1,0,Open
501864,101207,Current,6039.21,500,Open
501865,101208,Current,20316.05,1500,Open
501866,101208,ISA,98597.66,0,Open
501867,101209,ISA,18855.38,0,Open
501868,101210,Savings,25525.15,0,Dormant
501869,101211,Savings,25391.21,0,Open
501870,101211,Current,3506.54,1500,Open
501871,101212,Current,11389.8,0,Open
501872,101212,ISA,3742.2,0,Open
501873,101213,Savings,44316.47,0,Open
501874,101213,Current,6607.3,2000,Dormant
501875,101213,Current,11417.82,1000,Open
501876,101214,Savings,17220.76,0,Open
501877,101214,Current,4330.99,1000,Open
501878,101215,Savings,44883.64,0,Open
501879,101216,Current,8824.91,0,Open
501880,101217,Current,30140.78,0,Open
501881,101218,Current,122272.64,0,Open
501882,101219,Current,4948.24,1000,Open
501883,101219,Current,1367.79,0,Open
501884,101220,Current,17056.46,1000,Open
501885,101220,Current,4361.83,0,Open
501886,101221,Current,10950.99,1000,Dormant
501887,101222,Savings,9880.46,0,Open
501888,101222,ISA,23008.48,0,Open
501889,101223,Current,25250.57,500,Open
501890,101224,Savings,148089.14,0,Open
501891,101225,Current,6723.21,1000,Open
501892,101225,Current,16678.33,1000,Open
501893,101225,Current,12258.22,0,Open
501894,101226,Current,31460.29,1000,Open
501895,101227,Current,1496.79,500,Open
501896,101228,Current,6684.65,500,Open
501897,101228,Current,8354.95,2000,Open
501898,101229,Savings,28102.3,0,Open
501899,101230,Current,5788.07,0,Open
501900,101230,Savings,31036.22,0,Open
501901,101231,Current,20100.92,0,Open
501902,101232,Current,42549.2,0,Open
501903,101233,Current,13136.67,1000,Open
501904,101234,Current,9636.63,0,Open
501905,101234,ISA,55716.0,0,Open
501906,101234,Current,17962.87,0,Open
501907,101235,Current,3550.12,0,Open
501908,101235,Savings,23315.18,0,Open
501909,101235,Savings,4293.61,0,Open
501910,101236,Savings,22762.97,0,Open
501911,101237,Savings,10780.15,0,Open
501912,101238,Current,22090.05,0,Open
501913,101238,Savings,77404.54,0,Open
501914,101239,Savings,35646.27,0,Open
501915,101240,Current,11670.09,0,Open
501916,101241,Current,22883.32,0,Open
501917,101241,Savings,20033.53,0,Open
501918,101242,Savings,57586.94,0,Open
501919,101243,Savings,36617.58,0,Open
501920,101243,Current,38120.91,1000,Open
501921,101244,Current,4571.02,1500,Open
501922,101244,Current,23913.83,0,Open
501923,101245,Current,6402.2,1500,Open
501924,101246,Savings,61075.32,0,Open
501925,101246,Savings,41205.48,0,Open
501926,101247,Current,68010.1,1000,Open
501927,101248,Current,17115.14,500,Open
501928,101249,Current,10576.8,0,Open
501929,101250,ISA,11279.41,0,Open
501930,101251,ISA,48379.69,0,Open
501931,101251,Savings,34756.55,0,Open
501932,101252,Current,23281.89,2000,Open
501933,101253,Savings,32066.45,0,Open
501934,101254,Current,5053.48,500,Open
501935,101254,Current,12500.53,2000,Open
501936,101255,Current,25365.99,1500,Open
501937,101255,Current,40155.0,0,Open
501938,101256,Savings,54923.91,0,Open
501939,101257,Current,25933.67,1500,Open
501940,101257,Current,38816.58,0,Open
501941,101257,Savings,113179.01,0,Open
501942,101258,Savings,7522.03,0,Open
501943,101259,Savings,8637.69,0,Open
501944,101260,Current,10047.36,0,Open
501945,101261,Savings,11357.75,0,Open
501946,101262,Savings,10590.0,0,Open
501947,101263,Savings,32587.2,0,Open
501948,101263,ISA,76044.6,0,Dormant
501949,101263,Current,6436.93,2000,Open
501950,101264,Current,5340.28,0,Open
501951,101265,Current,55225.76,500,Open
501952,101265,Current,4404.4,500,Open
501953,101266,Current,20419.69,2000,Open
501954,101267,Current,33554.25,1000,Open
501955,101267,Current,1209.08,0,Open
501956,101268,Savings,38099.17,0,Open
501957,101269,ISA,7823.66,0,Open
501958,101270,Savings,28285.2,0,Open
501959,101270,ISA,19839.51,0,Open
501960,101271,Savings,16183.98,0,Open
501961,101271,Savings,7627.42,0,Open
501962,101272,Current,37288.17,0,Open
501963,101273,Current,35996.24,1000,Open
501964,101273,Current,9226.26,1000,Open
501965,101274,Savings,55287.45,0,Open
501966,101275,Current,15820.78,1000,Open
501967,101275,Savings,40590.92,0,Open
501968,101276,ISA,105466.03,0,Dormant
501969,101277,Savings,15256.35,0,Open
501970,101278,ISA,23062.68,0,Open
501971,101279,Current,11356.76,500,Open
501972,101279,Current,10791.41,1000,Open
501973,101279,Current,19152.78,500,Open
501974,101280,ISA,142070.56,0,Open
501975,101281,Savings,10624.21,0,Open
501976,101281,Current,15445.19,0,Open
501977,101282,Current,21570.42,500,Open
501978,101282,Current,2318.69,1000,Open
501979,101283,ISA,47685.7,0,Open
501980,101284,Current,10080.07,0,Open
501981,101284,Savings,79945.65,0,Open
501982,101285,Savings,87267.34,0,Open
501983,101286,Current,44053.08,1000,Open
501984,101286,Current,32524.27,2000,Open
501985,101287,Savings,31425.25,0,Open
501986,101288,Current,42486.14,1500,Open
501987,101288,Current,7296.7,0,Open
501988,101289,ISA,30840.43,0,Open
501989,101289,Current,18099.29,0,Open
501990,101290,Current,46609.33,500,Open
501991,101290,Current,2400.23,1000,Open
501992,101290,Current,17057.57,0,Open
501993,101291,Current,14769.86,0,Open
501994,101291,ISA,25316.13,0,Open
501995,101291,Current,85687.82,500,Open
501996,101292,Savings,14600.1,0,Open
501997,101293,Current,4670.07,500,Open
501998,101294,Current,30011.84,1500,Open
501999,101295,Current,11684.77,0,Open
502000,101296,Current,22539.34,2000,Open
502001,101297,Current,17864.91,2000,Open
502002,101298,Current,5952.37,2000,Open
502003,101299,Current,10621.91,500,Open
502004,101300,ISA,34913.15,0,Open
502005,101301,Savings,3267.05,0,Open
502006,101302,Current,15798.03,0,Open
502007,101302,Current,7881.89,2000,Open
502008,101303,Savings,22934.01,0,Open
502009,101303,Current,15816.36,1500,Dormant
502010,101304,Current,2705.52,1000,Open
502011,101305,Current,10797.08,0,Open
502012,101306,Current,26386.09,1000,Open
502013,101307,Savings,53103.64,0,Open
502014,101307,Current,41627.18,0,Open
502015,101308,Current,26677.69,1500,Open
502016,101308,Savings,40861.38,0,Open
502017,101308,Current,5487.86,1000,Open
502018,101309,Current,3268.38,0,Open
502019,101309,Savings,12868.28,0,Open
502020,101309,Savings,5444.35,0,Open
502021,101310,Savings,10257.95,0,Open
502022,101311,Current,2058.77,0,Open
502023,101312,Savings,14171.41,0,Open
502024,101312,Current,79872.46,500,Open
502025,101313,Current,30032.74,2000,Open
502026,101313,Savings,119598.2,0,Open
502027,101314,ISA,122089.14,0,Open
502028,101314,Savings,21828.0,0,Open
502029,101315,Current,13018.91,0,Open
502030,101315,Savings,26648.5,0,Open
502031,101315,Savings,30927.48,0,Open
502032,101316,ISA,37189.26,0,Open
502033,101317,Current,46510.06,0,Open
502034,101318,Savings,25926.63,0,Dormant
502035,101319,Current,22568.96,1500,Dormant
502036,101320,Current,19722.88,1000,Open
502037,101321,Current,24240.66,0,Open
502038,101322,Current,21373.53,500,Open
502039,101323,Savings,13416.41,0,Open
502040,101323,Current,7821.2,1500,Open
502041,101324,Current,46640.34,1500,Open
502042,101324,Current,32932.74,2000,Open
502043,101324,Savings,12670.02,0,Open
502044,101325,Savings,23988.06,0,Open
502045,101325,Savings,41632.37,0,Open
502046,101325,Current,19041.88,0,Open
502047,101326,Current,26943.25,0,Open
502048,101326,Savings,31259.88,0,Open
502049,101327,ISA,63757.73,0,Open
502050,101327,Current,10195.17,1000,Open
502051,101328,Current,14309.12,500,Open
502052,101329,ISA,17993.33,0,Open
502053,101329,Savings,25554.36,0,Open
502054,101330,Current,23524.62,1000,Open
502055,101330,Current,27422.71,0,Open
502056,101331,Current,15680.42,0,Open
502057,101331,Savings,47251.71,0,Open
502058,101332,Current,20540.21,0,Open
502059,101332,Current,7161.67,500,Open
502060,101332,Savings,17858.48,0,Dormant
502061,101333,Current,23025.86,500,Open
502062,101333,Current,51531.38,0,Dormant
502063,101334,Current,31126.17,1000,Open
502064,101334,Current,5494.49,500,Open
502065,101335,Savings,32654.95,0,Open
502066,101335,Savings,4987.13,0,Open
502067,101336,Current,2154.03,500,Open
502068,101336,Current,17534.07,0,Open
502069,101337,ISA,42887.58,0,Open
502070,101337,ISA,6559.34,0,Open
502071,101338,Current,50998.8,1500,Open
502072,101338,Current,5752.57,2000,Open
502073,101339,Current,6422.75,0,Open
502074,101340,ISA,23104.95,0,Open
502075,101341,Current,6194.12,0,Open
502076,101342,Current,32628.91,0,Open
502077,101342,Savings,40176.45,0,Open
502078,101343,Current,12454.14,0,Open
502079,101344,Savings,66393.5,0,Open
502080,101345,Current,38251.82,0,Open
502081,101346,ISA,84067.95,0,Open
502082,101347,Current,1060.68,0,Open
502083,101348,Savings,65443.23,0,Open
502084,101348,Savings,35696.3,0,Open
502085,101349,Current,26899.1,1000,Open
502086,101350,Current,65630.6,0,Open
502087,101350,Current,74374.26,0,Open
502088,101351,Savings,63448.09,0,Open
502089,101352,Current,4265.49,1500,Dormant
502090,101352,Current,17659.35,1000,Open
502091,101353,Current,22193.62,1500,Dormant
502092,101354,Savings,65238.74,0,Dormant
502093,101355,Savings,38858.86,0,Open
502094,101355,ISA,130847.48,0,Open
502095,101356,Savings,4294.94,0,Open
502096,101357,Savings,74481.77,0,Open
502097,101357,Savings,73123.63,0,Open
502098,101358,ISA,5020.34,0,Open
502099,101359,Savings,29407.07,0,Open
502100,101359,Savings,43966.85,0,Open
502101,101360,Current,3027.98,0,Open
502102,101361,Current,9885.85,0,Open
502103,101362,Current,34377.11,1000,Open
502104,101363,Current,8451.6,0,Open
502105,101364,Current,47216.37,1500,Open
502106,101364,Savings,39320.31,0,Open
502107,101365,Current,14819.11,0,Open
502108,101366,Savings,19428.09,0,Open
502109,101366,Current,9730.24,500,Open
502110,101367,Current,52381.01,0,Open
502111,101367,ISA,37579.47,0,Dormant
502112,101368,Savings,21040.95,0,Open
502113,101368,Savings,14490.24,0,Open
502114,101369,Current,10833.56,500,Open
502115,101369,Savings,16975.81,0,Open
502116,101369,Current,21800.13,1500,Open
502117,101370,Savings,23501.4,0,Open
502118,101370,Savings,38357.8,0,Open
502119,101371,Savings,42779.9,0,Open
502120,101372,Current,8290.33,1000,Open
502121,101373,Current,15294.05,0,Open
502122,101374,Current,46608.18,0,Open
502123,101375,Current,19508.68,1000,Open
502124,101376,Current,11630.68,500,Open
502125,101377,Savings,113102.59,0,Open
502126,101378,Savings,90249.55,0,Open
502127,101379,ISA,39613.05,0,Open
502128,101380,Current,8709.98,0,Open
502129,101381,Savings,63619.94,0,Open
502130,101381,Current,3519.66,1500,Open
502131,101382,ISA,60628.86,0,Open
502132,101382,Current,3154.69,1000,Open
502133,101382,Savings,73443.49,0,Open
502134,101383,Savings,4545.85,0,Open
502135,101383,Savings,28803.65,0,Open
502136,101384,Savings,8061.64,0,Open
502137,101384,Current,10410.4,0,Open
502138,101385,Savings,5069.67,0,Open
502139,101385,Current,27592.28,0,Open
502140,101385,Current,12153.94,0,Open
502141,101386,Savings,38540.56,0,Open
502142,101387,Savings,39269.26,0,Open
502143,101387,Current,4112.21,0,Open
502144,101388,ISA,97440.03,0,Open
502145,101389,Savings,9956.24,0,Open
502146,101390,Current,4147.9,500,Open
502147,101391,Current,25718.52,500,Open
502148,101391,ISA,51833.89,0,Open
502149,101391,Current,51853.05,0,Open
502150,101392,Current,18834.97,0,Open
502151,101392,Current,20103.8,1500,Open
502152,101392,Current,16095.78,0,Open
502153,101393,Current,4349.0,0,Open
502154,101394,Current,15283.38,0,Open
502155,101395,Current,5734.51,1000,Open
502156,101395,Current,5554.27,0,Open
502157,101396,ISA,8689.78,0,Open
502158,101396,ISA,45180.05,0,Open
502159,101396,Savings,47269.6,0,Open
502160,101397,Current,26539.67,0,Open
502161,101397,Current,62137.75,2000,Open
502162,101397,Current,4918.21,0,Open
502163,101398,ISA,49062.97,0,Open
502164,101399,Current,44796.4,2000,Open
502165,101399,Savings,53206.41,0,Open
502166,101400,Current,1306.15,1500,Open
502167,101401,ISA,25427.73,0,Open
502168,101402,Current,31475.56,0,Open
502169,101402,Current,27121.68,0,Open
502170,101403,Current,27247.72,1000,Open
502171,101404,Savings,43123.85,0,Open
502172,101405,Current,26566.66,1000,Open
502173,101406,Current,12129.52,500,Open
502174,101406,Current,7164.44,500,Open
502175,101406,Savings,10482.92,0,Open
502176,101407,ISA,25428.47,0,Open
502177,101408,Current,20893.38,0,Open
502178,101408,Current,1118.89,0,Open
502179,101408,Current,6674.08,0,Open
502180,101409,Savings,10485.08,0,Open
502181,101409,Savings,28417.23,0,Open
502182,101410,Current,8880.28,1500,Open
502183,101411,Current,8296.81,2000,Open
502184,101411,Current,5921.81,1500,Open
502185,101411,Savings,19526.32,0,Open
502186,101412,Savings,37778.98,0,Open
502187,101412,Current,20829.63,1500,Open
502188,101413,Savings,12131.16,0,Open
502189,101413,Savings,14516.63,0,Open
502190,101414,Current,14928.46,1500,Open
502191,101414,Current,24759.17,0,Open
502192,101415,Current,1907.69,2000,Open
502193,101415,Current,22992.8,1500,Open
502194,101416,Current,19405.19,1000,Open
502195,101416,Savings,60539.22,0,Open
502196,101417,Current,45847.16,1000,Open
502197,101417,Savings,17792.05,0,Open
502198,101418,Current,5472.19,0,Open
502199,101419,Current,3748.56,0,Dormant
502200,101420,Savings,11366.69,0,Open
502201,101421,Savings,18970.25,0,Open
502202,101421,Savings,9001.07,0,Open
502203,101422,Savings,12751.21,0,Open
502204,101423,ISA,8577.14,0,Open
502205,101424,Current,18918.9,1000,Open
502206,101424,Savings,86765.83,0,Dormant
502207,101425,Current,23312.67,0,Open
502208,101425,Current,32593.6,0,Open
502209,101426,Savings,41318.52,0,Open
502210,101426,Current,24367.87,1000,Open
502211,101427,Savings,14834.56,0,Open
502212,101427,Savings,12750.5,0,Open
502213,101428,Savings,32221.26,0,Open
502214,101428,Current,12389.68,1000,Open
502215,101429,Current,11616.68,1500,Open
502216,101429,Current,22543.05,0,Open
502217,101430,Current,13787.35,0,Open
502218,101430,Current,7921.7,0,Open
502219,101431,Savings,14683.11,0,Open
502220,101432,Current,4645.79,1000,Open
502221,101432,Current,54562.04,0,Open
502222,101432,Savings,27481.8,0,Open
502223,101433,Current,9154.37,0,Open
502224,101434,ISA,198125.62,0,Open
502225,101435,Current,11905.25,1500,Open
502226,101436,Savings,150296.31,0,Open
502227,101437,Current,4425.31,500,Open
502228,101437,Savings,38888.61,0,Open
502229,101437,Current,12782.82,500,Open
502230,101438,ISA,15605.66,0,Open
502231,101439,Current,51966.95,1500,Open
502232,101440,Current,15495.33,0,Open
502233,101440,Current,2188.32,0,Open
502234,101441,Current,16230.21,0,Open
502235,101442,Current,2631.51,0,Open
502236,101443,Current,11930.61,1000,Open
502237,101444,Current,2284.11,1000,Open
502238,101444,Current,22743.37,500,Open
502239,101444,ISA,46701.61,0,Open
502240,101445,Current,3291.94,500,Open
502241,101445,Savings,28957.19,0,Open
502242,101446,Savings,3587.41,0,Open
502243,101447,Current,40003.51,0,Open
502244,101448,Current,29206.03,1500,Open
502245,101449,Current,17900.63,1000,Open
502246,101450,Current,0.0,0,Open
502247,101450,Current,9245.8,2000,Open
502248,101451,Savings,16274.97,0,Open
502249,101451,ISA,33037.2,0,Open
502250,101452,Current,17440.29,0,Open
502251,101453,Current,12446.14,0,Open
502252,101454,Savings,8775.76,0,Open
502253,101455,Savings,10637.89,0,Dormant
502254,101456,Current,21668.93,1000,Open
502255,101457,Savings,28374.66,0,Open
502256,101458,Current,24875.07,1000,Open
502257,101458,ISA,50051.21,0,Open
502258,101459,Savings,20882.28,0,Open
502259,101460,Savings,15035.16,0,Open
502260,101461,Savings,18914.24,0,Open
502261,101461,ISA,58926.69,0,Open
502262,101462,Current,12212.18,500,Open
502263,101463,Current,40422.63,1500,Open
502264,101463,Savings,22336.21,0,Open
502265,101463,Savings,21888.63,0,Open
502266,101464,Current,17784.45,1500,Open
502267,101465,Savings,32401.31,0,Open
502268,101466,Current,914.49,1500,Open
502269,101467,Current,16205.15,1500,Open
502270,101467,Current,2179.99,1500,Open
502271,101467,Current,615.08,0,Open
502272,101468,Current,1799.12,500,Open
502273,101469,Current,52527.18,0,Open
502274,101469,Savings,77708.44,0,Open
502275,101469,Savings,105902.44,0,Open
502276,101470,Savings,52362.32,0,Open
502277,101470,Savings,8875.43,0,Open
502278,101471,ISA,6269.8,0,Open
502279,101471,Current,13557.51,1000,Open
502280,101472,Current,17983.95,0,Open
502281,101472,Current,24055.73,1000,Open
502282,101473,Savings,3407.74,0,Open
502283,101473,Current,7984.4,2000,Open
502284,101474,Current,11058.49,0,Open
502285,101475,Savings,51211.41,0,Open
502286,101476,Current,8376.69,2000,Open
502287,101477,Current,18401.41,1000,Open
502288,101478,Current,12468.71,1500,Open
502289,101479,ISA,60358.6,0,Open
502290,101480,Current,35971.84,0,Open
502291,101481,Current,12447.55,1000,Dormant
502292,101481,Savings,9585.83,0,Open
502293,101482,Current,5432.82,1000,Dormant
502294,101483,Current,1927.3,2000,Open
502295,101484,Current,12303.54,2000,Open
502296,101485,Savings,41310.46,0,Open
502297,101486,Current,15277.98,1000,Open
502298,101486,Current,17877.07,2000,Open
502299,101487,Savings,125151.52,0,Open
502300,101488,Current,14267.29,0,Open
502301,101489,Savings,32083.96,0,Dormant
502302,101490,Current,18456.5,500,Open
502303,101490,ISA,8904.42,0,Open
502304,101490,Current,31473.24,0,Open
502305,101491,Current,99535.86,500,Dormant
502306,101492,Savings,62484.63,0,Open
502307,101492,Current,4491.98,0,Open
502308,101492,Current,18621.34,0,Open
502309,101493,Current,5103.2,1500,Open
502310,101494,Savings,25085.19,0,Open
502311,101494,Current,3986.51,2000,Open
502312,101495,ISA,3881.02,0,Open
502313,101496,Current,9687.36,1000,Open
502314,101497,Current,31040.06,0,Open
502315,101498,Savings,23102.58,0,Open
502316,101499,Current,13449.1,0,Open
502317,101499,Current,27812.83,0,Open
502318,101500,Savings,8711.54,0,Dormant
502319,101501,Current,8023.14,0,Open
502320,101502,Current,30509.29,1000,Open
502321,101503,Current,64205.6,0,Open
502322,101504,Current,5519.02,500,Dormant
502323,101505,Savings,14474.66,0,Dormant
502324,101505,Savings,0.0,0,Open
502325,101506,Current,14270.46,0,Open
502326,101507,Savings,35743.68,0,Open
502327,101507,Current,4078.53,1000,Open
502328,101508,Current,7084.31,500,Open
502329,101508,Current,28295.98,0,Open
502330,101509,Current,48506.56,0,Open
502331,101509,Savings,41177.37,0,Open
502332,101509,Current,20543.21,0,Open
502333,101510,Current,4912.62,0,Open
502334,101510,Savings,22730.01,0,Open
502335,101510,Savings,12137.9,0,Open
502336,101511,Current,85861.77,500,Open
502337,101511,Current,8435.17,1500,Open
502338,101512,Savings,11622.58,0,Open
502339,101513,ISA,31982.71,0,Open
502340,101514,Savings,42393.08,0,Open
502341,101515,Current,18204.16,0,Open
502342,101515,Savings,5324.87,0,Open
502343,101516,Current,39867.29,1000,Open
502344,101517,Current,3726.04,500,Open
502345,101518,ISA,8342.14,0,Open
502346,101518,Current,8741.11,1000,Open
502347,101519,Current,20725.29,1500,Open
502348,101520,Savings,34643.51,0,Open
502349,101520,Current,6124.93,2000,Open
502350,101521,ISA,59039.3,0,Open
502351,101521,Savings,104796.15,0,Open
502352,101522,Current,10494.22,1000,Open
502353,101523,Current,7406.49,0,Open
502354,101523,Current,24314.07,500,Open
502355,101523,Current,2529.0,1500,Open
502356,101524,Savings,31334.74,0,Open
502357,101524,Savings,15692.65,0,Open
502358,101525,Current,58390.86,0,Open
502359,101526,Current,4142.19,0,Open
502360,101526,Savings,5511.91,0,Open
502361,101527,Savings,29793.86,0,Open
502362,101528,Current,2111.47,2000,Open
502363,101529,Current,10634.15,0,Open
502364,101530,ISA,52691.51,0,Open
502365,101531,Current,7773.85,1000,Open
502366,101532,Current,3572.15,0,Open
502367,101532,Current,21537.32,0,Open
502368,101532,Current,2711.09,500,Open
502369,101533,Current,29579.44,0,Dormant
502370,101534,Current,26900.98,0,Open
502371,101535,Savings,26756.83,0,Open
502372,101536,Savings,10383.79,0,Dormant
502373,101537,Current,40589.3,1000,Open
502374,101538,ISA,12267.1,0,Dormant
502375,101539,Current,35969.94,1500,Open
502376,101540,Savings,93816.85,0,Open
502377,101541,Current,32206.61,0,Open
502378,101542,Savings,60998.36,0,Open
502379,101543,ISA,47040.63,0,Open
502380,101543,Current,3798.77,500,Open
502381,101544,Savings,8080.77,0,Open
502382,101545,Savings,72977.91,0,Open
502383,101546,Current,45191.57,1000,Open
502384,101547,Current,20820.61,2000,Open
502385,101548,Savings,41652.32,0,Open
502386,101548,Current,32461.02,0,Open
502387,101549,Savings,115850.23,0,Open
502388,101549,Current,50040.33,500,Open
502389,101550,Current,13523.51,1500,Open
502390,101550,Savings,36810.13,0,Dormant
502391,101551,Current,7800.94,2000,Open
502392,101551,ISA,18778.54,0,Dormant
502393,101552,ISA,49166.61,0,Open
502394,101552,Current,14157.83,0,Open
502395,101553,Savings,1215.06,0,Open
502396,101554,Savings,24761.32,0,Open
502397,101554,Current,6738.61,1000,Open
502398,101555,ISA,50600.89,0,Open
502399,101556,Current,4250.3,0,Open
502400,101557,Savings,0.0,0,Open
502401,101558,Current,16812.12,0,Open
502402,101558,Current,9283.32,2000,Open
502403,101558,Savings,5346.0,0,Open
502404,101559,Current,23667.86,0,Open
502405,101559,Savings,10910.68,0,Open
502406,101560,Savings,90886.0,0,Open
502407,101561,Current,29736.25,0,Open
502408,101562,ISA,5465.7,0,Open
502409,101563,Savings,30420.42,0,Open
502410,101564,Current,16516.87,500,Open
502411,101565,Current,9287.65,0,Open
502412,101566,Savings,12705.34,0,Open
502413,101566,Savings,0.0,0,Open
502414,101567,Savings,10454.53,0,Open
502415,101568,ISA,4478.46,0,Open
502416,101569,Current,12068.83,0,Open
502417,101569,Savings,50472.6,0,Open
502418,101570,ISA,26981.21,0,Open
502419,101571,Current,12024.24,0,Open
502420,101572,Current,6132.74,0,Open
502421,101573,Savings,51593.92,0,Open
502422,101574,Current,13020.89,1000,Open
502423,101574,Savings,12767.79,0,Open
502424,101575,Savings,65519.68,0,Open
502425,101575,Savings,46411.47,0,Open
502426,101576,ISA,24037.13,0,Open
502427,101577,Savings,23575.51,0,Open
502428,101578,Current,9599.9,500,Open
502429,101578,Current,3285.92,0,Open
502430,101578,Savings,29474.05,0,Open
502431,101579,Savings,65043.95,0,Open
502432,101579,ISA,40772.76,0,Open
502433,101580,Current,21802.59,0,Open
502434,101581,Current,6961.5,1000,Open
502435,101582,Savings,13856.49,0,Open
502436,101582,Current,26587.34,1500,Dormant
502437,101583,Current,2835.22,500,Open
502438,101584,Savings,114863.47,0,Open
502439,101584,Current,78885.75,500,Open
502440,101585,Current,22731.69,0,Open
502441,101586,Current,32172.51,1000,Open
502442,101587,Current,26024.71,0,Open
502443,101587,Current,7104.82,1000,Open
502444,101588,Current,29473.57,0,Open
502445,101588,Current,21334.06,0,Open
502446,101589,Current,8639.99,0,Open
502447,101589,Savings,44671.7,0,Open
502448,101590,Current,11640.42,2000,Open
502449,101590,Current,25450.78,1000,Open
502450,101590,Savings,12496.4,0,Open
502451,101591,Current,23008.25,1000,Open
502452,101592,Current,21492.39,1500,Open
502453,101593,Savings,22345.94,0,Open
502454,101593,Savings,14130.32,0,Open
502455,101593,Savings,42073.15,0,Open
502456,101594,Savings,94733.2,0,Open
502457,101595,Savings,24797.99,0,Open
502458,101596,Current,9722.4,2000,Open
502459,101597,Current,31581.14,0,Open
502460,101597,Current,15571.35,1000,Open
502461,101598,Current,10119.0,0,Dormant
502462,101599,Current,49862.22,1000,Open
502463,101599,Savings,10198.02,0,Open
502464,101600,Savings,91990.44,0,Open
502465,101600,Current,25955.61,1000,Open
502466,101601,ISA,64456.7,0,Open
502467,101602,Savings,149755.96,0,Open
502468,101602,Savings,4615.25,0,Open
502469,101603,Current,9305.86,1500,Open
502470,101603,Current,10141.55,0,Dormant
502471,101603,Current,2737.18,1500,Open
502472,101604,Current,10908.55,1500,Open
502473,101605,Current,11415.9,0,Open
502474,101606,Current,5087.08,0,Open
502475,101607,Current,22062.79,500,Open
502476,101607,Current,5306.46,1000,Open
502477,101608,Current,15059.7,0,Dormant
502478,101609,Current,28579.06,2000,Open
502479,101610,Current,4393.57,1500,Open
502480,101610,Current,4585.16,1500,Open
502481,101611,Current,28743.26,0,Open
502482,101611,Savings,51485.8,0,Open
502483,101612,ISA,9028.96,0,Open
502484,101612,Current,26135.03,0,Open
502485,101612,Current,12075.97,0,Open
502486,101613,Savings,6696.11,0,Open
502487,101614,Current,11262.05,1000,Open
502488,101615,Current,750.7,0,Open
502489,101615,Current,6444.79,0,Open
502490,101615,Current,12171.29,0,Open
502491,101616,ISA,66783.95,0,Open
502492,101616,Current,9866.98,0,Open
502493,101617,Current,5532.46,2000,Dormant
502494,101618,Savings,6814.52,0,Open
502495,101618,Current,21130.05,1000,Open
502496,101619,Savings,15508.88,0,Open
502497,101620,Current,10445.0,2000,Open
502498,101621,Current,4397.12,0,Open
502499,101621,Current,15175.84,500,Open
502500,101622,Current,27500.98,0,Open
502501,101623,Savings,35362.23,0,Open
502502,101624,Current,16345.08,500,Open
502503,101625,Savings,52629.86,0,Open
502504,101626,Current,22900.89,0,Open
502505,101627,Current,11923.31,0,Open
502506,101628,Current,7613.11,0,Open
502507,101628,Current,11399.47,1500,Open
502508,101629,Current,44935.54,500,Open
502509,101630,Current,12380.34,0,Open
502510,101631,Current,3705.6,2000,Open
502511,101631,Current,35642.51,0,Open
502512,101632,Savings,90941.57,0,Open
502513,101632,Current,21561.57,1000,Open
502514,101632,Current,24479.24,2000,Open
502515,101633,Savings,11285.6,0,Open
502516,101634,Savings,47558.54,0,Open
502517,101635,Savings,45102.48,0,Open
502518,101636,Current,5604.6,2000,Open
502519,101636,Current,28972.96,500,Dormant
502520,101637,Savings,40388.73,0,Open
502521,101638,Current,0.0,2000,Open
502522,101638,Current,2579.92,0,Open
502523,101639,Current,18907.71,1500,Open
502524,101639,Current,3907.06,500,Open
502525,101640,Savings,36597.63,0,Open
502526,101641,Current,23340.07,1500,Open
502527,101642,Current,10108.7,0,Open
502528,101643,Current,26850.55,0,Open
502529,101644,Current,8949.73,1000,Open
502530,101644,Current,0.0,2000,Open
502531,101645,ISA,132972.54,0,Open
502532,101645,ISA,56854.67,0,Open
502533,101646,Savings,49238.87,0,Open
502534,101647,ISA,441.53,0,Open
502535,101648,Current,51747.34,1500,Open
502536,101649,Current,9788.68,0,Dormant
502537,101649,ISA,43580.42,0,Open
502538,101650,Savings,148567.57,0,Open
502539,101651,Current,10548.22,0,Open
502540,101652,ISA,82096.38,0,Open
502541,101652,Current,10590.28,0,Open
502542,101653,Savings,34915.61,0,Open
502543,101654,ISA,68451.87,0,Open
502544,101655,Current,18036.87,1000,Open
502545,101656,Savings,19545.67,0,Open
502546,101657,Current,18961.89,0,Open
502547,101657,Current,49762.27,0,Open
502548,101657,Current,30740.1,1000,Open
502549,101658,Savings,5622.83,0,Open
502550,101658,Current,14725.79,2000,Open
502551,101659,Savings,25529.25,0,Open
502552,101659,Current,47544.25,1500,Open
502553,101660,Savings,6617.28,0,Open
502554,101660,Current,15277.65,2000,Open
502555,101661,ISA,32352.1,0,Open
502556,101661,Savings,10004.29,0,Open
502557,101662,Savings,8679.2,0,Open
502558,101663,Current,12676.69,2000,Open
502559,101664,Current,6571.41,1000,Open
502560,101665,Savings,52865.77,0,Open
502561,101666,Current,19426.11,0,Open
502562,101666,Savings,35037.69,0,Open
502563,101667,Current,10586.34,0,Open
502564,101668,Current,23240.73,0,Open
502565,101669,Savings,88928.61,0,Open
502566,101670,Savings,34671.75,0,Open
502567,101671,Savings,11057.29,0,Open
502568,101671,Current,4781.74,500,Open
502569,101672,Current,29443.18,0,Open
502570,101672,Savings,153497.37,0,Open
502571,101673,Savings,27285.95,0,Open
502572,101674,Current,15825.21,0,Open
502573,101674,Current,23083.69,500,Open
502574,101674,ISA,37864.37,0,Open
502575,101675,Current,29263.56,500,Open
502576,101675,Savings,3525.29,0,Open
502577,101676,Current,1878.89,1000,Open
502578,101676,Savings,46617.09,0,Dormant
502579,101677,Current,6411.06,500,Open
502580,101678,Current,17740.02,1500,Open
502581,101679,Current,7918.53,0,Open
502582,101679,Current,39313.85,0,Open
502583,101680,Savings,60527.69,0,Open
502584,101681,Savings,37475.97,0,Open
502585,101682,Savings,22038.93,0,Open
502586,101683,Current,13334.9,1000,Open
502587,101684,Current,19603.65,1500,Open
502588,101685,Savings,15327.17,0,Open
502589,101686,Current,14936.87,0,Open
502590,101686,Current,37469.72,0,Open
502591,101687,Current,13600.94,500,Dormant
502592,101688,Current,19217.37,0,Open
502593,101689,Current,23848.98,1000,Open
502594,101689,Current,18763.1,1000,Open
502595,101690,Savings,35333.07,0,Open
502596,101690,Current,16445.14,1500,Open
502597,101691,Current,9155.24,0,Open
502598,101691,Savings,28566.53,0,Open
502599,101692,Savings,27761.58,0,Open
502600,101693,Current,13861.19,2000,Open
502601,101693,Savings,39430.08,0,Open
502602,101694,Current,8112.8,0,Open
502603,101695,Savings,38235.02,0,Open
502604,101695,Current,8489.54,0,Open
502605,101696,Savings,26392.81,0,Open
502606,101697,Current,13661.2,1000,Open
502607,101697,Savings,39901.0,0,Open
502608,101698,ISA,66452.59,0,Open
502609,101699,Savings,24072.38,0,Open
502610,101699,Savings,23864.28,0,Open
502611,101700,Current,14501.25,1000,Open
502612,101700,Savings,5884.29,0,Open
502613,101700,Current,39917.82,500,Open
502614,101701,Current,11607.53,1000,Open
502615,101702,Current,21069.49,0,Open
502616,101703,Current,19359.33,500,Dormant
502617,101704,Current,12988.97,2000,Open
502618,101705,Current,8092.71,0,Open
502619,101705,Current,7573.1,0,Open
502620,101706,Savings,85188.75,0,Open
502621,101707,Current,12197.01,500,Open
502622,101707,Savings,12085.4,0,Open
502623,101707,Savings,11525.71,0,Open
502624,101708,Current,1993.03,0,Open
502625,101709,Current,64912.13,0,Open
502626,101710,Current,10446.5,0,Open
502627,101710,ISA,33227.98,0,Open
502628,101711,Current,26927.14,500,Open
502629,101712,Current,59126.98,0,Open
502630,101713,Savings,13567.07,0,Open
502631,101713,Current,12767.15,0,Open
502632,101714,Savings,45423.6,0,Open
502633,101715,ISA,75856.06,0,Open
502634,101716,Current,49268.42,1000,Open
502635,101717,ISA,26106.03,0,Open
502636,101718,Current,1350.88,1000,Open
502637,101718,Current,11352.46,0,Open
502638,101719,Current,43744.77,1000,Open
502639,101719,Current,7224.14,500,Open
502640,101720,Current,12243.43,0,Open
502641,101721,Current,18850.31,500,Open
502642,101721,Savings,30649.3,0,Open
502643,101722,Savings,47778.94,0,Open
502644,101723,Current,32862.83,500,Open
502645,101724,Current,31652.18,1500,Open
502646,101724,Current,4408.38,500,Open
502647,101725,Current,17621.77,500,Open
502648,101726,Savings,47666.94,0,Open
502649,101727,Savings,3109.57,0,Open
502650,101727,Savings,15396.23,0,Open
502651,101728,Current,3864.0,1000,Open
502652,101729,Savings,51480.57,0,Open
502653,101730,Current,17887.77,1000,Open
502654,101730,Current,10813.9,0,Open
502655,101731,Current,15353.33,2000,Open
502656,101732,Current,8220.65,1000,Open
502657,101732,Current,6122.36,0,Open
502658,101733,Current,6663.06,0,Open
502659,101734,Current,4239.12,500,Open
502660,101734,Savings,16788.62,0,Open
502661,101734,Current,15420.52,0,Open
502662,101735,Current,85159.81,1500,Open
502663,101735,Current,59895.16,1500,Open
502664,101736,Current,3273.4,0,Open
502665,101736,Savings,29568.1,0,Open
502666,101736,Savings,16802.84,0,Open
502667,101737,Current,6061.05,0,Open
502668,101738,Current,16936.65,0,Open
502669,101739,Savings,23080.99,0,Open
502670,101739,Current,22748.74,0,Open
502671,101740,ISA,7814.63,0,Open
502672,101741,Current,17331.42,500,Open
502673,101742,ISA,17327.68,0,Open
502674,101742,Current,24683.17,0,Open
502675,101743,Current,12579.99,0,Open
502676,101743,Current,29488.86,500,Open
502677,101744,Savings,1869.7,0,Open
502678,101745,Savings,19820.41,0,Open
502679,101746,Current,36121.45,0,Dormant
502680,101746,Current,39731.92,1500,Open
502681,101747,Current,16763.63,0,Open
502682,101747,ISA,24201.82,0,Open
502683,101748,Current,24141.88,0,Open
502684,101748,Current,22049.7,2000,Open
502685,101749,Current,13619.51,500,Open
502686,101750,Current,19592.13,500,Open
502687,101751,Savings,47275.93,0,Open
502688,101752,Current,23242.59,0,Open
502689,101752,Current,31029.76,500,Open
502690,101753,Current,1345.93,500,Open
502691,101754,Savings,12838.49,0,Dormant
502692,101755,Current,4984.94,0,Open
502693,101756,Current,15175.77,1000,Open
502694,101757,Current,993.21,0,Open
502695,101758,ISA,114757.73,0,Open
502696,101759,Current,9496.28,0,Open
502697,101760,Current,2266.55,500,Open
502698,101761,Savings,76854.29,0,Open
502699,101762,Current,16163.85,1000,Open
502700,101762,ISA,31150.19,0,Open
502701,101763,Current,20453.63,0,Open
502702,101764,Current,5021.07,500,Open
502703,101764,Savings,6334.48,0,Open
502704,101764,Current,13964.7,2000,Open
502705,101765,ISA,2708.01,0,Dormant
502706,101766,Current,5776.58,0,Open
502707,101766,Savings,1987.67,0,Open
502708,101766,Current,5724.16,2000,Open
502709,101767,Current,34173.92,0,Open
502710,101768,Savings,55021.45,0,Open
502711,101769,ISA,77939.58,0,Open
502712,101769,ISA,14453.33,0,Open
502713,101769,Current,6317.98,0,Open
502714,101770,Savings,6324.83,0,Open
502715,101770,Current,6541.98,0,Open
502716,101771,Savings,33238.78,0,Open
502717,101771,Savings,85688.29,0,Open
502718,101771,Savings,87692.24,0,Open
502719,101772,Current,5730.36,0,Open
502720,101772,Current,2510.65,0,Open
502721,101772,Current,13070.19,0,Open
502722,101773,Savings,1971.04,0,Open
502723,101774,Savings,7998.01,0,Open
502724,101774,Current,6913.01,1500,Open
502725,101774,Savings,51417.9,0,Open
502726,101775,Savings,181439.44,0,Open
502727,101775,Current,42045.32,500,Open
502728,101776,Savings,42760.43,0,Open
502729,101777,Current,14377.63,0,Open
502730,101777,Savings,14624.67,0,Open
502731,101778,Savings,43790.15,0,Open
502732,101779,Savings,10997.54,0,Open
502733,101779,Current,1896.7,0,Open
502734,101780,Current,6103.51,1000,Open
502735,101781,Savings,47142.84,0,Open
502736,101781,ISA,45554.29,0,Open
502737,101781,Current,5205.87,1500,Open
502738,101782,Current,22197.14,500,Dormant
502739,101782,Current,5996.51,500,Open
502740,101783,Current,16393.82,0,Open
502741,101784,Current,1709.45,0,Open
502742,101784,ISA,3705.83,0,Open
502743,101785,Current,2507.7,2000,Open
502744,101786,ISA,12232.18,0,Open
502745,101787,Current,11167.49,0,Open
502746,101787,Savings,32934.3,0,Open
502747,101788,Savings,11937.58,0,Dormant
502748,101789,Savings,116061.19,0,Open
502749,101790,ISA,24694.77,0,Open
502750,101791,Savings,82671.69,0,Open
502751,101791,Current,18515.58,1500,Open
502752,101791,Current,26958.13,1000,Open
502753,101792,Current,37732.89,0,Open
502754,101793,Current,5281.1,0,Open
502755,101794,Current,6764.17,1000,Open
502756,101794,ISA,13381.08,0,Open
502757,101795,Current,12264.8,500,Open
502758,101795,Savings,15153.82,0,Open
502759,101796,Current,6153.9,2000,Open
502760,101797,Current,4712.83,0,Open
502761,101798,Savings,38799.35,0,Open
502762,101799,Current,33727.63,0,Open
502763,101799,Current,26797.7,0,Open
502764,101799,Savings,103799.26,0,Open
502765,101800,ISA,76681.86,0,Open
502766,101801,ISA,176028.16,0,Open
502767,101802,ISA,106415.48,0,Open
502768,101802,Current,50516.06,0,Open
502769,101803,Current,9138.02,0,Open
502770,101804,Savings,50331.79,0,Open
502771,101805,Current,6081.29,0,Open
502772,101806,Savings,10789.91,0,Open
502773,101807,Savings,14045.48,0,Open
502774,101808,Current,8270.73,0,Open
502775,101808,Savings,18177.84,0,Open
502776,101809,Savings,31642.92,0,Dormant
502777,101809,ISA,2708.03,0,Open
502778,101810,Current,17439.13,1500,Open
502779,101811,Savings,4304.5,0,Open
502780,101812,Current,23266.66,0,Open
502781,101812,Savings,12734.67,0,Open
502782,101813,Current,16458.6,500,Open
502783,101814,Savings,36092.75,0,Open
502784,101815,Current,19306.49,500,Open
502785,101816,Savings,87185.17,0,Open
502786,101817,ISA,17347.25,0,Open
502787,101818,Savings,16116.43,0,Open
502788,101819,Current,35908.76,1000,Open
502789,101819,Savings,27415.7,0,Dormant
502790,101820,Savings,12321.53,0,Open
502791,101820,Savings,60207.98,0,Open
502792,101821,Current,21133.56,1000,Open
502793,101822,Current,13593.95,1000,Open
502794,101822,Current,53610.86,1000,Open
502795,101823,ISA,110261.64,0,Open
502796,101823,Savings,31466.74,0,Open
502797,101824,Savings,5508.2,0,Open
502798,101825,Savings,53866.89,0,Open
502799,101826,Current,3679.63,1500,Open
502800,101827,Current,2462.71,0,Open
502801,101827,Savings,13915.72,0,Open
502802,101828,Current,20466.02,0,Open
502803,101829,Savings,13673.25,0,Open
502804,101830,Current,26827.36,0,Open
502805,101831,Savings,24482.46,0,Open
502806,101832,Current,12854.7,0,Open
502807,101832,Savings,15487.98,0,Open
502808,101833,Current,21167.74,0,Open
502809,101833,ISA,43913.06,0,Open
502810,101834,Current,64988.84,500,Open
502811,101835,Current,2782.27,0,Open
502812,101836,Current,19950.9,0,Open
502813,101836,Current,5990.12,0,Open
502814,101837,Current,18952.29,0,Open
502815,101838,Current,27258.98,1500,Open
502816,101839,Current,9844.02,0,Open
502817,101840,Savings,58239.84,0,Open
502818,101841,Current,19801.42,2000,Open
502819,101842,Current,8202.85,1000,Open
502820,101842,Current,6340.22,500,Open
502821,101843,Current,22125.72,2000,Open
502822,101844,Savings,44183.74,0,Open
502823,101845,ISA,102691.02,0,Open
502824,101846,Current,7447.87,500,Open
502825,101846,Savings,39702.05,0,Open
502826,101847,Current,2925.66,1000,Open
502827,101847,Current,5905.28,1000,Open
502828,101848,Current,8981.78,0,Open
502829,101849,Current,61268.31,0,Open
502830,101849,Current,6012.57,0,Open
502831,101850,Savings,54023.91,0,Open
502832,101850,Savings,49245.49,0,Open
502833,101851,ISA,178039.23,0,Open
502834,101851,Savings,85647.64,0,Open
502835,101852,Savings,47294.84,0,Open
502836,101853,Current,30821.35,0,Open
502837,101853,ISA,23255.87,0,Open
502838,101853,Current,8052.25,1000,Open
502839,101854,Current,24619.44,0,Dormant
502840,101855,Savings,47738.12,0,Open
502841,101855,Savings,104012.14,0,Open
502842,101856,Current,18573.68,0,Open
502843,101856,Current,44280.48,0,Open
502844,101857,Savings,164454.78,0,Open
502845,101857,Current,104453.22,0,Open
502846,101858,Current,18205.44,0,Open
502847,101858,Savings,10823.98,0,Open
502848,101859,Savings,75035.68,0,Open
502849,101859,Current,33900.49,0,Open
502850,101860,Current,40585.32,0,Open
502851,101861,Current,4859.19,1500,Open
502852,101861,Savings,15023.06,0,Open
502853,101862,Current,13172.88,0,Open
502854,101862,ISA,36472.93,0,Open
502855,101863,Current,11361.58,0,Open
502856,101863,Current,14987.29,500,Open
502857,101864,ISA,19951.48,0,Open
502858,101864,Savings,46832.64,0,Open
502859,101865,Current,36891.64,1500,Open
502860,101866,Current,15296.7,0,Open
502861,101867,Savings,7495.98,0,Open
502862,101867,Current,7794.28,1000,Open
502863,101867,Current,10035.78,1500,Open
502864,101868,ISA,84449.07,0,Open
502865,101868,Savings,2548.95,0,Open
502866,101869,Current,11330.51,500,Open
502867,101869,Current,1824.52,0,Open
502868,101870,Savings,96532.8,0,Open
502869,101871,Current,9393.67,500,Open
502870,101871,ISA,6370.93,0,Open
502871,101872,Savings,84449.33,0,Open
502872,101873,Current,14048.3,0,Open
502873,101874,Savings,10677.99,0,Open
502874,101875,Savings,31835.75,0,Open
502875,101876,Savings,8905.91,0,Open
502876,101877,Savings,17589.21,0,Open
502877,101878,Current,44582.28,0,Open
502878,101879,Current,9544.76,1000,Open
502879,101880,Current,5008.97,0,Open
502880,101881,Savings,35270.81,0,Open
502881,101881,Savings,71918.66,0,Open
502882,101882,Current,15846.08,1000,Open
502883,101882,Current,6157.58,0,Open
502884,101883,Current,32041.01,1000,Open
502885,101884,Current,9716.55,1500,Open
502886,101884,Current,8838.57,0,Open
502887,101884,Current,9127.15,2000,Open
502888,101885,Savings,1650.18,0,Open
502889,101885,Current,6201.1,0,Open
502890,101885,Savings,17056.62,0,Open
502891,101886,Current,37730.7,0,Open
502892,101887,Current,8120.36,500,Open
502893,101887,Current,34431.82,0,Open
502894,101887,Current,36519.25,500,Open
502895,101888,Current,16239.29,0,Open
502896,101889,Current,9834.04,2000,Open
502897,101890,Current,10911.28,500,Open
502898,101891,Savings,275741.19,0,Open
502899,101892,Current,3618.85,0,Open
502900,101893,ISA,9697.36,0,Open
502901,101894,Savings,4526.17,0,Open
502902,101894,Current,3413.74,2000,Open
502903,101895,Current,9550.28,0,Open
502904,101895,Current,9193.38,2000,Open
502905,101896,Current,5019.02,1000,Open
502906,101897,ISA,119881.62,0,Open
502907,101898,Current,3990.5,1500,Open
502908,101898,Savings,80623.62,0,Open
502909,101899,Savings,32534.41,0,Open
502910,101900,Current,7004.82,0,Open
502911,101900,Savings,19755.82,0,Open
502912,101901,Current,15584.21,0,Open
502913,101901,Current,39809.68,2000,Dormant
502914,101902,Savings,41576.46,0,Dormant
502915,101903,Current,10750.87,500,Open
502916,101904,Current,12707.85,500,Open
502917,101905,ISA,42189.0,0,Open
502918,101905,Current,16766.77,500,Open
502919,101906,Current,15100.83,500,Open
502920,101907,ISA,2707.4,0,Open
502921,101908,Savings,17675.34,0,Open
502922,101909,ISA,70214.34,0,Open
502923,101909,Current,26661.46,500,Open
502924,101910,Current,22134.28,1000,Open
502925,101910,Savings,52188.49,0,Open
502926,101911,ISA,20778.78,0,Open
502927,101911,ISA,28110.85,0,Open
502928,101912,Current,16573.03,1000,Open
502929,101912,Savings,143367.51,0,Open
502930,101913,Savings,6990.88,0,Dormant
502931,101914,ISA,98966.92,0,Dormant
502932,101915,Savings,115086.13,0,Open
502933,101916,Current,8431.2,1000,Dormant
502934,101917,Savings,46491.87,0,Open
502935,101917,Current,51092.52,0,Open
502936,101918,Current,15062.93,1000,Open
502937,101918,Current,32914.94,0,Open
502938,101919,ISA,67446.33,0,Open
502939,101920,Current,18795.13,2000,Open
502940,101920,Current,7445.74,1000,Open
502941,101921,Current,1896.13,2000,Open
502942,101922,Savings,12235.0,0,Open
502943,101923,Savings,12541.5,0,Open
502944,101923,Savings,14984.31,0,Open
502945,101924,Savings,51010.13,0,Open
502946,101925,Savings,74817.3,0,Open
502947,101926,Current,15296.95,500,Open
502948,101927,Current,8567.64,0,Open
502949,101927,Savings,34005.18,0,Open
502950,101928,Current,30626.7,500,Open
502951,101928,ISA,14926.16,0,Open
502952,101928,Current,59051.25,0,Open
502953,101929,Savings,2184.21,0,Open
502954,101930,Current,17418.86,0,Open
502955,101931,Current,6980.63,0,Open
502956,101931,ISA,21279.43,0,Open
502957,101932,Savings,3913.87,0,Open
502958,101932,Savings,30990.14,0,Open
502959,101933,Current,35487.82,1000,Open
502960,101933,Current,13540.27,1000,Open
502961,101934,Current,22188.28,1500,Open
502962,101934,ISA,9231.21,0,Open
502963,101935,Current,7454.84,0,Open
502964,101935,Current,3403.36,500,Open
502965,101936,ISA,20374.97,0,Open
502966,101937,Current,39076.35,1500,Open
502967,101938,ISA,30535.0,0,Open
502968,101938,Savings,26127.02,0,Open
502969,101938,Current,18444.35,0,Open
502970,101939,Current,62789.15,0,Dormant
502971,101940,Current,22698.08,0,Open
502972,101941,Current,12445.75,0,Dormant
502973,101942,Current,6321.41,500,Open
502974,101942,Current,5767.94,1000,Open
502975,101943,ISA,32947.2,0,Open
502976,101944,Savings,40237.91,0,Open
502977,101945,Savings,20215.32,0,Open
502978,101946,Current,46451.23,1000,Open
502979,101947,Current,3827.85,1000,Open
502980,101947,Savings,20285.21,0,Open
502981,101948,Current,8286.45,0,Open
502982,101949,Savings,17188.32,0,Open
502983,101949,Current,30080.3,1000,Open
502984,101949,Current,7811.6,1000,Open
502985,101950,Current,3502.61,1500,Open
502986,101950,Current,8878.47,0,Open
502987,101951,Savings,21033.47,0,Open
502988,101951,Savings,48481.03,0,Open
502989,101952,Savings,16979.88,0,Open
502990,101952,Current,8276.59,1000,Open
502991,101952,Current,11458.0,500,Open
502992,101953,Current,2242.74,0,Open
502993,101954,Savings,70685.97,0,Open
502994,101954,Savings,56774.01,0,Open
502995,101955,Savings,63647.63,0,Open
502996,101955,Current,8465.39,0,Open
502997,101956,Savings,47463.47,0,Open
502998,101956,Current,46025.81,0,Open
502999,101956,Savings,5762.96,0,Open
503000,101957,Savings,35585.19,0,Open
503001,101958,Current,8033.44,500,Open
503002,101958,Savings,29267.81,0,Open
503003,101958,Current,8732.49,0,Open
503004,101959,Current,6105.01,0,Open
503005,101960,Current,41660.99,500,Open
503006,101960,Current,56229.1,500,Open
503007,101960,Savings,154042.83,0,Open
503008,101961,Current,1759.34,500,Open
503009,101962,Savings,53780.51,0,Open
503010,101963,Current,23416.36,0,Open
503011,101964,Current,24986.98,2000,Open
503012,101964,Current,21414.9,2000,Open
503013,101964,Savings,42907.85,0,Open
503014,101965,Current,15964.88,500,Open
503015,101965,Current,17691.63,0,Open
503016,101966,ISA,48311.6,0,Open
503017,101966,Current,41092.32,0,Open
503018,101966,Savings,57728.28,0,Open
503019,101967,Current,11667.49,0,Open
503020,101967,Savings,13997.87,0,Open
503021,101968,Current,13342.75,500,Dormant
503022,101969,Current,16472.58,500,Open
503023,101970,Current,23970.31,0,Open
503024,101970,Current,20113.85,1500,Open
503025,101971,Current,35024.06,1500,Open
503026,101971,Current,15535.78,500,Open
503027,101971,Savings,26837.41,0,Open
503028,101972,Savings,10504.25,0,Open
503029,101972,Savings,26000.81,0,Open
503030,101973,Current,31320.08,500,Open
503031,101973,Current,15368.08,1500,Open
503032,101974,Current,31257.21,0,Open
503033,101975,Current,18565.7,0,Open
503034,101976,Savings,154744.57,0,Open
503035,101976,Current,6785.12,0,Open
503036,101976,Savings,28337.91,0,Open
503037,101977,Current,20459.18,1500,Open
503038,101977,Current,63378.65,2000,Open
503039,101978,Savings,28034.56,0,Open
503040,101978,Current,22339.34,1500,Open
503041,101979,ISA,8582.5,0,Open
503042,101979,Current,9619.05,500,Open
503043,101980,ISA,24434.11,0,Open
503044,101981,Current,19505.04,0,Open
503045,101981,Current,22655.58,0,Open
503046,101982,Current,8583.78,2000,Open
503047,101982,Current,16500.92,0,Open
503048,101983,Current,12356.11,0,Open
503049,101984,Savings,57174.02,0,Open
503050,101985,Current,11634.42,1500,Open
503051,101985,Current,80913.72,0,Open
503052,101985,Current,35952.03,500,Open
503053,101986,Current,22616.2,1500,Open
503054,101986,ISA,37407.75,0,Open
503055,101987,Savings,1728.57,0,Open
503056,101988,Current,7671.97,1000,Open
503057,101989,Current,6860.9,0,Open
503058,101989,ISA,60234.84,0,Open
503059,101990,Savings,76971.92,0,Open
503060,101991,ISA,12269.08,0,Open
503061,101991,ISA,53590.84,0,Open
503062,101992,Current,6980.56,1500,Open
503063,101993,Current,27747.71,0,Open
503064,101993,Current,58637.8,0,Open
503065,101994,Current,3996.36,0,Open
503066,101994,Current,13025.97,500,Open
503067,101995,Current,27936.8,1000,Open
503068,101996,Savings,20898.8,0,Open
503069,101997,Savings,18806.16,0,Open
503070,101998,Savings,38676.47,0,Dormant
503071,101998,Current,34186.82,1000,Open
503072,101999,Savings,34356.73,0,Open
503073,101999,Current,6058.11,500,Open
503074,102000,Current,20224.49,0,Open
503075,102000,Savings,84337.45,0,Open
503076,102001,Current,16061.95,0,Open
503077,102002,Current,16749.96,1000,Open
503078,102003,Savings,20833.97,0,Open
503079,102003,Current,24473.92,1000,Open
503080,102003,ISA,27836.74,0,Dormant
503081,102004,Current,5987.34,1500,Open
503082,102005,ISA,35649.7,0,Open
503083,102006,Current,5958.16,1000,Open
503084,102007,Savings,34371.58,0,Open
503085,102007,Current,38358.06,1000,Open
503086,102008,Current,30202.77,1500,Open
503087,102009,ISA,12795.65,0,Open
503088,102009,Current,5562.73,0,Open
503089,102009,Current,3502.7,2000,Open
503090,102010,Savings,2381.88,0,Open
503091,102011,Current,5455.89,2000,Open
503092,102012,Savings,114039.94,0,Open
503093,102012,Savings,28836.84,0,Open
503094,102013,Current,11832.72,0,Open
503095,102014,ISA,8681.46,0,Open
503096,102015,Current,16873.0,500,Open
503097,102016,Savings,14181.28,0,Open
503098,102017,Current,15970.8,2000,Open
503099,102017,Current,2341.77,1000,Open
503100,102018,Savings,38856.29,0,Open
503101,102019,Current,3633.95,500,Open
503102,102020,Savings,41319.01,0,Open
503103,102021,Current,10372.91,0,Open
503104,102021,Savings,5355.24,0,Open
503105,102021,Savings,8191.26,0,Open
503106,102022,Current,52457.38,0,Open
503107,102023,Current,11029.46,0,Open
503108,102024,Current,5931.65,0,Open
503109,102025,Current,6376.57,500,Open
503110,102026,Current,44765.98,1000,Open
503111,102027,Current,39972.32,500,Open
503112,102027,Current,36551.59,0,Open
503113,102027,ISA,57123.95,0,Open
503114,102028,ISA,50030.33,0,Open
503115,102029,ISA,10095.86,0,Open
503116,102029,Current,1780.68,1500,Open
503117,102029,ISA,39414.87,0,Open
503118,102030,Savings,224644.9,0,Open
503119,102031,Current,39013.23,0,Open
503120,102031,Current,62728.31,0,Open
503121,102032,Current,32767.22,0,Open
503122,102033,Current,1498.12,500,Open
503123,102034,Current,26539.22,1000,Open
503124,102034,Savings,66826.58,0,Open
503125,102035,Current,10300.04,0,Open
503126,102035,Savings,24567.75,0,Open
503127,102036,Current,40805.53,0,Dormant
503128,102037,ISA,48567.64,0,Open
503129,102038,Savings,66580.7,0,Open
503130,102038,Current,0.0,2000,Dormant
503131,102038,Current,10444.19,1500,Open
503132,102039,Savings,73437.8,0,Dormant
503133,102039,Savings,74285.97,0,Open
503134,102040,Current,15234.75,1500,Open
503135,102040,Current,22750.04,0,Open
503136,102041,ISA,44050.29,0,Open
503137,102041,Current,4589.38,0,Open
503138,102042,Savings,16329.79,0,Open
503139,102043,Current,6758.82,0,Open
503140,102043,Savings,13805.14,0,Open
503141,102044,Savings,50098.59,0,Open
503142,102045,Current,21869.16,1000,Open
503143,102046,Savings,13877.53,0,Open
503144,102047,Savings,92973.8,0,Open
503145,102047,Savings,140121.47,0,Open
503146,102048,ISA,51866.61,0,Open
503147,102049,Current,24038.96,0,Dormant
503148,102049,Current,7060.24,0,Open
503149,102050,ISA,218759.11,0,Open
503150,102051,Current,12630.4,1500,Open
503151,102051,Current,44998.56,1000,Open
503152,102052,Current,51754.48,0,Open
503153,102052,Savings,6432.97,0,Open
503154,102052,Current,24836.9,0,Open
503155,102053,Current,23122.02,1000,Open
503156,102053,Current,18580.9,1000,Open
503157,102053,Savings,15063.95,0,Open
503158,102054,Savings,6368.11,0,Open
503159,102054,Current,5425.73,0,Open
503160,102054,Current,11117.69,0,Open
503161,102055,ISA,8664.36,0,Dormant
503162,102056,Current,7683.12,1000,Open
503163,102056,Current,3783.28,0,Open
503164,102057,Savings,47635.11,0,Open
503165,102057,Current,1925.1,1000,Open
503166,102058,Current,13754.79,500,Open
503167,102059,Current,13563.71,1000,Open
503168,102059,Current,13438.17,1500,Open
503169,102060,Current,11674.61,1500,Open
503170,102061,Savings,125512.91,0,Open
503171,102062,Savings,25083.91,0,Open
503172,102062,Current,34640.74,500,Open
503173,102062,Current,36771.54,1500,Open
503174,102063,Current,20835.84,1000,Open
503175,102064,Current,22430.13,1500,Open
503176,102065,Savings,28814.82,0,Open
503177,102066,Current,53875.8,500,Open
503178,102066,Current,9632.89,0,Open
503179,102067,Current,11583.96,0,Open
503180,102068,Savings,20489.9,0,Open
503181,102068,Current,2546.95,500,Open
503182,102069,Current,26997.15,0,Open
503183,102070,Savings,26113.59,0,Open
503184,102071,Current,25125.67,2000,Open
503185,102072,Current,11164.16,0,Open
503186,102072,Current,22582.89,1000,Open
503187,102072,Savings,14335.23,0,Open
503188,102073,Current,2341.8,0,Open
503189,102074,Current,37203.44,0,Open
503190,102074,Current,84676.55,0,Open
503191,102075,Current,20217.86,0,Open
503192,102076,ISA,48455.26,0,Dormant
503193,102077,Current,21164.37,1000,Open
503194,102077,ISA,69607.79,0,Open
503195,102078,Savings,58762.63,0,Open
503196,102079,Savings,29437.3,0,Open
503197,102080,Savings,14252.68,0,Open
503198,102081,Current,1821.78,0,Open
503199,102081,Savings,17818.52,0,Open
503200,102082,Savings,26597.6,0,Open
503201,102082,Savings,20285.2,0,Open
503202,102083,Savings,121323.35,0,Open
503203,102084,Savings,35508.79,0,Open
503204,102084,ISA,14735.22,0,Open
503205,102085,Current,13927.21,0,Open
503206,102085,Savings,57803.59,0,Open
503207,102086,ISA,113610.14,0,Dormant
503208,102087,ISA,99658.18,0,Open
503209,102088,Savings,62276.95,0,Open
503210,102089,Current,11929.62,1000,Open
503211,102089,Current,19182.25,0,Open
503212,102089,Savings,21064.47,0,Open
503213,102090,Current,24121.15,0,Open
503214,102091,Current,7716.43,1000,Open
503215,102092,Savings,108627.76,0,Open
503216,102092,Current,71293.62,0,Dormant
503217,102093,Savings,11241.97,0,Open
503218,102093,Current,6950.6,500,Open
503219,102094,ISA,40133.63,0,Open
503220,102095,Savings,23638.25,0,Open
503221,102095,Current,13206.82,1500,Open
503222,102096,Current,24846.03,1500,Open
503223,102097,Savings,119975.33,0,Open
503224,102098,Current,6670.29,1000,Open
503225,102098,Current,13395.99,0,Open
503226,102099,Current,2621.86,1000,Open
503227,102100,Savings,18459.5,0,Open
503228,102101,Current,7802.58,1000,Open
503229,102102,Savings,16732.68,0,Open
503230,102103,Current,5729.12,1500,Open
503231,102103,Current,13999.27,500,Open
503232,102104,Savings,26324.85,0,Open
503233,102104,ISA,54869.67,0,Open
503234,102105,Savings,78734.95,0,Open
503235,102105,Current,18074.83,500,Open
503236,102106,Savings,61323.97,0,Open
503237,102106,Savings,36871.22,0,Open
503238,102107,Savings,114791.33,0,Open
503239,102108,Savings,21989.26,0,Open
503240,102108,Current,52003.26,0,Open
503241,102109,Current,10264.57,500,Open
503242,102110,ISA,160331.62,0,Open
503243,102110,Current,42206.69,0,Open
503244,102111,Current,5305.94,500,Open
503245,102111,Savings,10740.69,0,Open
503246,102112,Current,50932.2,1000,Open
503247,102112,Current,24099.17,500,Open
503248,102113,ISA,22139.09,0,Open
503249,102113,Current,40860.9,1000,Open
503250,102114,Savings,32862.21,0,Open
503251,102115,Current,36552.63,500,Open
503252,102115,Savings,39148.79,0,Open
503253,102116,Current,18040.6,0,Open
503254,102117,Savings,24255.85,0,Open
503255,102118,Savings,25248.56,0,Open
503256,102118,Current,19151.79,2000,Open
503257,102118,Current,5835.95,1500,Open
503258,102119,Current,10053.91,0,Open
503259,102119,Current,6406.77,0,Open
503260,102119,Current,8539.86,1000,Open
503261,102120,Current,33314.66,0,Open
503262,102121,Current,17578.7,1500,Open
503263,102122,Current,15140.57,0,Open
503264,102123,Current,10532.08,0,Open
503265,102124,Current,13855.2,500,Open
503266,102125,Savings,19780.48,0,Open
503267,102125,Current,33132.92,0,Open
503268,102125,Savings,56630.41,0,Open
503269,102126,Savings,43303.01,0,Open
503270,102127,Savings,33035.72,0,Open
503271,102128,ISA,7720.95,0,Open
503272,102128,Savings,12684.55,0,Open
503273,102129,ISA,38195.45,0,Open
503274,102129,Savings,14299.05,0,Open
503275,102130,Current,9220.71,0,Open
503276,102130,Current,13734.13,2000,Open
503277,102131,Current,6467.13,1500,Open
503278,102132,Current,28229.28,1500,Open
503279,102132,Current,3128.77,1000,Dormant
503280,102133,Current,9745.27,0,Open
503281,102133,Current,28039.47,2000,Open
503282,102134,Savings,17631.05,0,Open
503283,102134,Current,5881.9,0,Dormant
503284,102135,Savings,18744.5,0,Open
503285,102135,ISA,10529.22,0,Open
503286,102136,ISA,14438.05,0,Open
503287,102136,Savings,22025.53,0,Open
503288,102136,Current,9997.97,0,Open
503289,102137,Savings,2909.0,0,Open
503290,102138,Current,2650.68,0,Open
503291,102139,Current,13787.9,0,Open
503292,102140,Savings,10423.38,0,Open
503293,102140,ISA,42888.16,0,Open
503294,102141,ISA,7885.35,0,Open
503295,102141,Savings,20028.11,0,Open
503296,102142,Savings,73806.59,0,Open
503297,102143,Current,6246.86,1500,Open
503298,102144,Current,2235.91,500,Open
503299,102145,Current,28429.93,0,Open
503300,102145,Current,13354.39,0,Open
503301,102146,Savings,12045.81,0,Open
503302,102147,Current,22377.95,1000,Open
503303,102148,Current,16586.11,0,Open
503304,102149,Savings,46814.1,0,Open
503305,102150,ISA,56672.48,0,Open
503306,102151,Savings,28502.9,0,Open
503307,102152,Savings,32836.3,0,Open
503308,102152,Current,5505.1,1000,Open
503309,102152,Savings,13952.48,0,Open
503310,102153,Savings,19845.94,0,Open
503311,102153,Savings,38535.24,0,Open
503312,102154,ISA,42037.87,0,Open
503313,102154,Current,12939.84,500,Open
503314,102155,Savings,67909.76,0,Open
503315,102155,Current,25567.32,1000,Open
503316,102155,Current,10347.35,1500,Open
503317,102156,ISA,15824.36,0,Open
503318,102157,Savings,116832.19,0,Open
503319,102158,Current,5858.44,2000,Open
503320,102158,Current,1453.76,1000,Open
503321,102158,Savings,35137.57,0,Open
503322,102159,Current,30740.36,2000,Open
503323,102160,Savings,76109.48,0,Open
503324,102161,Current,22932.09,0,Open
503325,102162,Current,14327.97,1000,Dormant
503326,102163,Current,8803.34,0,Open
503327,102164,Current,53826.76,1000,Open
503328,102165,Current,10283.29,1500,Open
503329,102166,Current,18636.18,500,Open
503330,102167,Savings,14818.95,0,Open
503331,102168,Savings,89319.16,0,Open
503332,102169,Current,16950.84,2000,Open
503333,102170,ISA,6946.94,0,Open
503334,102171,Savings,38011.2,0,Open
503335,102172,ISA,42391.11,0,Dormant
503336,102173,Current,5412.35,0,Open
503337,102174,Savings,17718.42,0,Open
503338,102175,ISA,139720.11,0,Open
503339,102176,Savings,5560.81,0,Open
503340,102177,Savings,34616.72,0,Open
503341,102178,Current,2644.59,2000,Open
503342,102179,Savings,38913.84,0,Open
503343,102180,Current,26033.57,1000,Open
503344,102180,Current,17628.3,0,Open
503345,102180,ISA,56510.8,0,Open
503346,102181,Savings,30585.94,0,Open
503347,102182,Current,1066.99,2000,Open
503348,102183,Current,13174.21,1500,Open
503349,102184,Current,17352.31,1500,Open
503350,102184,Current,4405.7,0,Open
503351,102184,Current,11549.38,1500,Open
503352,102185,Current,26271.74,0,Open
503353,102186,ISA,8400.4,0,Open
503354,102187,Current,86285.33,0,Open
503355,102188,Current,10077.3,2000,Open
503356,102188,ISA,27383.36,0,Open
503357,102189,Savings,72707.4,0,Open
503358,102189,ISA,64330.19,0,Dormant
503359,102190,Current,15533.31,500,Open
503360,102191,ISA,19139.58,0,Open
503361,102191,Current,7571.7,0,Open
503362,102192,ISA,129998.52,0,Dormant
503363,102193,Savings,55213.77,0,Open
503364,102193,Current,8277.65,1500,Open
503365,102194,ISA,22320.06,0,Open
503366,102195,Current,16231.89,1500,Dormant
503367,102196,Current,11565.89,1000,Open
503368,102196,Savings,23878.89,0,Open
503369,102197,Current,22789.72,1500,Open
503370,102197,Savings,23152.86,0,Open
503371,102198,Current,13548.3,500,Open
503372,102199,Savings,27493.32,0,Open
503373,102199,ISA,49867.97,0,Open
503374,102200,ISA,13582.97,0,Open
503375,102201,Savings,20385.19,0,Dormant
503376,102202,Current,24018.12,0,Open
503377,102202,Savings,44761.64,0,Open
503378,102203,Savings,62249.41,0,Open
503379,102203,Savings,74759.65,0,Dormant
503380,102203,Current,4084.96,500,Open
503381,102204,Savings,4708.43,0,Dormant
503382,102204,Current,3615.24,500,Open
503383,102205,Current,10625.84,1000,Open
503384,102205,Savings,27404.62,0,Open
503385,102206,Current,55699.58,1000,Open
503386,102206,Savings,78978.31,0,Open
503387,102207,Current,42572.16,0,Open
503388,102207,Current,43274.34,1000,Open
503389,102208,Current,21068.43,0,Open
503390,102208,Current,2857.96,0,Open
503391,102209,Current,22722.04,0,Open
503392,102210,Current,22293.94,500,Open
503393,102210,ISA,38914.46,0,Open
503394,102210,Savings,7012.22,0,Open
503395,102211,Current,21040.91,500,Open
503396,102211,Current,36363.66,0,Open
503397,102212,Savings,41035.72,0,Open
503398,102212,Current,17775.39,0,Open
503399,102212,Savings,49993.25,0,Open
503400,102213,Current,16058.83,1500,Open
503401,102213,Savings,18346.53,0,Open
503402,102213,Savings,12852.02,0,Open
503403,102214,Current,74491.27,0,Open
503404,102214,Current,29165.8,500,Open
503405,102215,Savings,6811.24,0,Open
503406,102216,Savings,72903.35,0,Dormant
503407,102216,ISA,17220.16,0,Open
503408,102217,Current,21256.34,1500,Open
503409,102217,Current,22316.51,1500,Open
503410,102218,Current,13234.97,2000,Open
503411,102219,Savings,18920.48,0,Open
503412,102219,Current,43962.34,500,Open
503413,102220,Current,7393.59,1000,Open
503414,102221,Current,4421.68,0,Open
503415,102221,Savings,40631.54,0,Open
503416,102222,Savings,3036.33,0,Open
503417,102223,Savings,44561.3,0,Open
503418,102223,Savings,46940.69,0,Open
503419,102224,Current,27004.1,0,Open
503420,102224,Savings,34449.51,0,Open
503421,102225,Savings,14594.44,0,Open
503422,102225,Current,8148.33,1000,Open
503423,102225,Current,5652.0,1500,Open
503424,102226,Current,21607.66,500,Open
503425,102227,Savings,13967.07,0,Open
503426,102227,Savings,8457.02,0,Open
503427,102228,Current,19870.2,1500,Open
503428,102229,Current,6483.01,1000,Open
503429,102230,Current,27592.47,0,Open
503430,102230,Savings,56251.59,0,Open
503431,102231,Savings,51390.64,0,Open
503432,102231,Current,6471.02,500,Open
503433,102232,Current,16551.3,0,Open
503434,102233,Savings,24083.48,0,Dormant
503435,102233,Current,8867.31,1000,Open
503436,102233,ISA,25933.31,0,Open
503437,102234,Current,13551.04,0,Dormant
503438,102234,Current,23316.66,0,Open
503439,102235,Current,4093.66,1000,Open
503440,102235,Current,36613.58,1500,Dormant
503441,102235,Current,19143.88,1500,Open
503442,102236,Current,18089.66,0,Open
503443,102236,Current,6072.26,2000,Dormant
503444,102237,Savings,8099.01,0,Open
503445,102237,Savings,5745.27,0,Open
503446,102238,Savings,14079.99,0,Open
503447,102238,Savings,16217.85,0,Dormant
503448,102239,Savings,2289.19,0,Open
503449,102240,ISA,109500.25,0,Open
503450,102241,Savings,7363.63,0,Open
503451,102242,ISA,56765.17,0,Dormant
503452,102242,Current,4670.96,0,Open
503453,102243,Savings,11637.82,0,Open
503454,102244,Savings,213526.85,0,Open
503455,102244,Savings,64721.85,0,Dormant
503456,102245,Current,19639.32,500,Open
503457,102246,Current,34279.34,0,Open
503458,102246,ISA,48438.26,0,Open
503459,102246,Savings,11536.67,0,Open
503460,102247,Savings,34919.1,0,Open
503461,102248,Current,9981.55,2000,Open
503462,102249,Savings,38128.51,0,Open
503463,102250,Savings,73315.95,0,Open
503464,102251,Current,14371.47,0,Open
503465,102252,Current,13324.16,1500,Open
503466,102253,Current,9995.27,1500,Open
503467,102253,Savings,38018.65,0,Open
503468,102254,Current,37080.9,1000,Open
503469,102255,Current,14773.28,2000,Open
503470,102255,Current,1456.76,500,Open
503471,102256,Current,28955.11,1000,Open
503472,102257,Current,30959.82,0,Open
503473,102258,Current,8460.67,0,Open
503474,102258,Current,22425.39,0,Dormant
503475,102259,Savings,56538.05,0,Open
503476,102260,Savings,14101.36,0,Open
503477,102260,Savings,7667.51,0,Open
503478,102261,Current,13036.88,0,Open
503479,102261,Current,33718.0,0,Open
503480,102262,Current,7655.6,0,Open
503481,102263,Current,16647.2,0,Open
503482,102264,Current,7674.33,2000,Open
503483,102265,Current,22949.5,500,Open
503484,102266,Current,19783.5,0,Open
503485,102266,Current,20616.12,2000,Open
503486,102266,Current,38089.01,1000,Open
503487,102267,Current,1520.47,0,Open
503488,102268,Current,43205.04,1000,Open
503489,102268,Savings,3990.99,0,Open
503490,102269,Savings,20176.88,0,Open
503491,102269,Current,25578.77,500,Open
503492,102270,Current,67896.98,0,Open
503493,102271,Current,12290.52,500,Open
503494,102272,Savings,26175.58,0,Open
503495,102272,Current,6489.66,0,Dormant
503496,102273,ISA,46510.34,0,Open
503497,102273,Savings,8381.69,0,Dormant
503498,102273,Current,16450.27,1000,Open
503499,102274,Savings,131520.23,0,Open
503500,102275,Current,8112.79,0,Open
503501,102275,Current,26341.28,1500,Open
503502,102276,Current,10704.79,1500,Open
503503,102277,ISA,32296.0,0,Open
503504,102278,Current,1380.4,0,Open
503505,102279,ISA,26248.46,0,Open
503506,102279,Current,15704.49,500,Open
503507,102280,Savings,4498.96,0,Open
503508,102281,Current,21677.61,1000,Open
503509,102281,Current,5676.01,0,Open
503510,102281,Current,21277.5,1000,Open
503511,102282,Current,55627.69,500,Open
503512,102283,Current,19022.69,1000,Open
503513,102283,Savings,43951.82,0,Open
503514,102283,ISA,8951.27,0,Open
503515,102284,Current,22609.81,0,Open
503516,102285,Savings,29301.32,0,Open
503517,102285,Current,12443.42,0,Open
503518,102285,Savings,46317.92,0,Open
503519,102286,Current,35826.87,1500,Open
503520,102286,Savings,105515.37,0,Open
503521,102287,Current,4512.08,500,Open
503522,102288,Savings,11115.41,0,Open
503523,102288,Current,47381.41,0,Dormant
503524,102289,Current,2994.76,2000,Open
503525,102290,Savings,5852.34,0,Open
503526,102291,Current,18413.72,500,Open
503527,102291,Current,7927.91,1500,Open
503528,102292,Current,14790.94,0,Open
503529,102293,Current,29635.44,1000,Open
503530,102293,ISA,25633.64,0,Open
503531,102294,Current,12797.83,0,Open
503532,102295,ISA,8358.08,0,Dormant
503533,102295,Current,6192.75,0,Open
503534,102296,Savings,69059.7,0,Open
503535,102296,Current,12586.91,0,Open
503536,102297,Current,51014.75,500,Open
503537,102297,Current,44022.33,0,Open
503538,102298,Current,4015.66,1000,Open
503539,102299,Savings,13347.37,0,Open
503540,102300,ISA,76497.77,0,Open
503541,102301,ISA,1634.82,0,Open
503542,102302,Current,1645.98,0,Open
503543,102302,Current,6904.22,2000,Open
503544,102303,Current,24105.18,1000,Open
503545,102303,Current,1325.51,0,Open
503546,102304,Current,4884.79,0,Open
503547,102305,Savings,15957.44,0,Open
503548,102305,Current,23289.93,500,Open
503549,102306,Current,9441.13,0,Open
503550,102306,Current,26560.84,1000,Open
503551,102307,Current,29927.83,1500,Open
503552,102307,Current,30506.53,2000,Open
503553,102308,ISA,29628.96,0,Open
503554,102308,Current,13814.14,1000,Open
503555,102308,Savings,17017.55,0,Open
503556,102309,Current,27397.82,0,Open
503557,102310,Current,45326.98,0,Open
503558,102311,Current,26521.8,0,Open
503559,102312,Savings,13868.0,0,Open
503560,102312,Savings,45866.37,0,Open
503561,102312,Current,0.0,0,Open
503562,102313,Savings,44159.34,0,Open
503563,102313,Savings,58443.0,0,Open
503564,102314,ISA,56541.44,0,Open
503565,102314,Savings,3758.09,0,Open
503566,102315,Current,10044.99,0,Open
503567,102316,Savings,11612.04,0,Open
503568,102316,Current,5849.59,0,Open
503569,102317,Savings,123781.16,0,Open
503570,102318,Savings,91344.5,0,Open
503571,102319,Current,14600.94,0,Open
503572,102319,Current,29968.49,0,Open
503573,102320,ISA,77209.16,0,Open
503574,102320,Current,4778.76,2000,Open
503575,102321,Current,36841.32,0,Open
503576,102321,Current,31267.78,0,Open
503577,102322,Current,15097.95,0,Dormant
503578,102323,Current,43419.19,1000,Open
503579,102323,Current,33817.91,1000,Open
503580,102324,Savings,56859.68,0,Open
503581,102324,ISA,73863.44,0,Open
503582,102325,Savings,8114.75,0,Open
503583,102325,Current,14015.07,0,Open
503584,102325,Current,15479.18,500,Open
503585,102326,Savings,30120.12,0,Open
503586,102327,Savings,17754.01,0,Open
503587,102328,Current,10261.11,1000,Open
503588,102328,ISA,17152.45,0,Open
503589,102328,Savings,4186.75,0,Open
503590,102329,Current,1742.39,0,Open
503591,102330,Current,21267.95,0,Open
503592,102331,Current,17780.79,2000,Open
503593,102332,Savings,162106.81,0,Open
503594,102333,Savings,19541.93,0,Open
503595,102334,Current,102127.24,1500,Open
503596,102334,Current,55421.93,1000,Open
503597,102335,Current,11016.88,0,Open
503598,102335,ISA,76320.87,0,Open
503599,102336,Current,12189.14,500,Open
503600,102336,Savings,7956.86,0,Open
503601,102336,Current,4188.48,500,Open
503602,102337,Current,20988.58,0,Open
503603,102338,Current,13838.78,1500,Open
503604,102339,Current,14186.88,0,Open
503605,102339,Current,19356.36,1000,Open
503606,102340,Current,19640.5,500,Open
503607,102340,Current,4792.36,0,Open
503608,102340,Savings,3685.38,0,Dormant
503609,102341,Current,5698.18,1500,Open
503610,102341,Current,6298.53,1500,Open
503611,102342,Current,24224.28,0,Open
503612,102342,Current,2175.62,0,Open
503613,102343,Current,15475.88,1000,Open
503614,102344,Savings,8908.57,0,Open
503615,102345,Savings,61751.11,0,Open
503616,102345,Current,39845.04,0,Open
503617,102346,Current,7201.8,2000,Open
503618,102347,Current,5729.72,0,Open
503619,102347,Current,6701.15,500,Open
503620,102347,Savings,23526.24,0,Dormant
503621,102348,Savings,114355.36,0,Open
503622,102348,Savings,92982.63,0,Open
503623,102348,Current,41182.96,0,Open
503624,102349,Current,22444.32,0,Open
503625,102350,Savings,28980.0,0,Open
503626,102351,ISA,42517.89,0,Open
503627,102352,Current,20628.17,1000,Open
503628,102352,Current,21496.92,1000,Open
503629,102353,Savings,5058.45,0,Open
503630,102353,ISA,28509.2,0,Open
503631,102354,Current,30200.17,0,Open
503632,102355,Current,1441.39,0,Open
503633,102355,Current,16016.38,1000,Open
503634,102356,Savings,12891.48,0,Open
503635,102356,Current,12114.48,500,Open
503636,102357,Savings,160112.4,0,Open
503637,102358,Current,5916.22,0,Open
503638,102358,Current,21357.78,500,Dormant
503639,102359,Savings,6563.96,0,Open
503640,102360,Savings,14387.16,0,Open
503641,102360,Current,3067.06,2000,Open
503642,102361,Current,11993.81,0,Open
503643,102362,Current,121982.5,0,Dormant
503644,102362,Current,39297.58,1000,Open
503645,102362,Savings,170343.89,0,Open
503646,102363,Current,27139.77,1000,Open
503647,102363,Current,25909.47,0,Open
503648,102363,Savings,18597.26,0,Open
503649,102364,Current,8729.37,0,Open
503650,102365,Current,53462.64,2000,Open
503651,102365,ISA,62783.26,0,Open
503652,102366,Current,52430.62,1500,Open
503653,102366,ISA,114205.13,0,Open
503654,102367,Savings,25247.46,0,Open
503655,102368,Current,24615.24,0,Open
503656,102368,ISA,118707.11,0,Open
503657,102369,Savings,138739.15,0,Open
503658,102369,Savings,111735.17,0,Open
503659,102370,Savings,4636.33,0,Dormant
503660,102370,Current,43605.88,0,Open
503661,102370,Current,4465.17,0,Open
503662,102371,Current,10747.53,1500,Open
503663,102371,ISA,13686.4,0,Open
503664,102371,Savings,19845.97,0,Open
503665,102372,Savings,48352.79,0,Open
503666,102373,Savings,59973.24,0,Open
503667,102374,Current,33494.52,0,Open
503668,102375,Current,8053.29,1500,Dormant
503669,102376,ISA,8363.14,0,Open
503670,102376,ISA,3778.79,0,Open
503671,102376,Savings,20499.9,0,Open
503672,102377,Savings,14670.91,0,Open
503673,102378,Savings,57767.43,0,Open
503674,102379,Current,60429.79,1000,Open
503675,102379,Current,78947.72,0,Open
503676,102379,Current,34079.09,1500,Open
503677,102380,ISA,78291.51,0,Open
503678,102381,Current,47843.16,0,Open
503679,102382,Current,16555.16,2000,Open
503680,102383,Savings,23291.62,0,Open
503681,102383,Current,49680.4,0,Open
503682,102384,Current,49233.45,1000,Open
503683,102385,Savings,10314.71,0,Open
503684,102386,ISA,16381.99,0,Open
503685,102386,Current,17932.26,2000,Open
503686,102386,Current,33813.11,0,Open
503687,102387,Current,16345.27,1500,Open
503688,102388,Savings,58241.8,0,Open
503689,102388,Current,7265.78,1500,Open
503690,102389,Current,32916.07,0,Open
503691,102390,Current,71368.49,0,Open
503692,102391,Savings,19647.89,0,Open
503693,102391,Savings,9294.94,0,Open
503694,102392,Savings,8102.64,0,Open
503695,102392,Savings,72698.24,0,Open
503696,102393,Current,23995.15,0,Open
503697,102393,Current,10401.25,0,Open
503698,102394,ISA,5801.53,0,Open
503699,102395,Current,24734.24,2000,Open
503700,102395,Savings,3201.5,0,Open
503701,102396,Current,4255.78,0,Open
503702,102396,Current,40461.56,0,Open
503703,102397,Savings,14116.49,0,Open
503704,102398,Savings,14684.79,0,Dormant
503705,102398,Savings,44362.73,0,Open
503706,102399,Current,6981.13,500,Open
503707,102399,Current,11084.09,0,Open
503708,102400,Current,28210.16,0,Open
503709,102400,Savings,5290.03,0,Open
503710,102400,Savings,42513.61,0,Open
503711,102401,ISA,11429.4,0,Open
503712,102401,ISA,10300.39,0,Open
503713,102402,ISA,55683.0,0,Open
503714,102402,Current,5852.03,2000,Open
503715,102403,Current,32738.43,0,Open
503716,102404,Current,55939.47,500,Open
503717,102404,Current,14082.48,1500,Open
503718,102405,Current,4507.13,0,Open
503719,102406,Current,11487.64,1500,Open
503720,102406,Current,3596.77,0,Open
503721,102407,Current,32571.93,500,Open
503722,102408,Current,25600.16,0,Open
503723,102408,Current,13665.53,500,Open
503724,102409,Savings,5588.07,0,Open
503725,102410,Savings,16632.65,0,Open
503726,102411,Savings,56402.28,0,Open
503727,102412,Current,49290.1,0,Open
503728,102412,Current,16227.24,0,Open
503729,102413,Savings,18711.67,0,Open
503730,102413,ISA,44294.76,0,Open
503731,102413,Current,18461.11,1500,Open
503732,102414,Current,4722.8,500,Open
503733,102415,Savings,22756.11,0,Open
503734,102415,Current,27955.81,1000,Open
503735,102416,Current,8185.67,0,Open
503736,102417,Current,40520.5,0,Open
503737,102417,Savings,73420.58,0,Open
503738,102418,Current,2154.93,1500,Open
503739,102419,Current,5163.04,500,Open
503740,102419,Current,8056.89,1000,Open
503741,102420,Current,29325.67,0,Open
503742,102420,Savings,44177.98,0,Open
503743,102421,Current,12200.57,2000,Open
503744,102422,Current,44756.5,0,Open
503745,102423,Current,20494.25,500,Open
503746,102423,ISA,14019.03,0,Open
503747,102424,Current,24573.79,1000,Open
503748,102425,Current,1533.84,500,Open
503749,102425,Current,12939.52,0,Open
503750,102426,Current,58864.8,0,Open
503751,102426,Current,66206.07,2000,Open
503752,102427,ISA,14923.5,0,Open
503753,102428,Savings,44543.54,0,Open
503754,102429,Current,37694.92,1500,Open
503755,102429,Current,11327.11,1000,Dormant
503756,102429,Savings,33939.23,0,Open
503757,102430,Current,17992.39,1500,Open
503758,102431,Current,13514.14,1500,Open
503759,102432,Savings,57423.96,0,Open
503760,102432,Current,23416.51,1500,Open
503761,102433,Current,10852.96,0,Open
503762,102433,Savings,25642.72,0,Dormant
503763,102434,Current,29907.22,1000,Open
503764,102434,Current,9254.71,500,Open
503765,102435,Current,38193.72,0,Open
503766,102436,ISA,38674.62,0,Open
503767,102437,Savings,3144.77,0,Open
503768,102438,Current,13130.23,0,Open
503769,102438,Savings,60521.77,0,Open
503770,102439,Savings,8014.37,0,Open
503771,102439,Current,24205.1,0,Open
503772,102440,Current,22308.17,2000,Open
503773,102441,ISA,153423.39,0,Open
503774,102441,Current,6750.66,0,Open
503775,102442,Savings,99403.03,0,Open
503776,102443,Savings,10483.01,0,Dormant
503777,102444,Current,8997.29,1500,Open
503778,102445,Current,4875.61,1500,Open
503779,102446,ISA,134128.27,0,Open
503780,102447,Current,2822.33,500,Open
503781,102447,ISA,18316.15,0,Open
503782,102448,Savings,64516.12,0,Open
503783,102449,Current,18249.58,2000,Open
503784,102450,Current,3744.63,0,Open
503785,102451,Savings,8165.62,0,Open
503786,102452,Savings,29475.93,0,Open
503787,102452,Savings,12873.42,0,Open
503788,102453,Savings,38874.29,0,Open
503789,102454,Current,8579.17,500,Dormant
503790,102454,Savings,57034.4,0,Dormant
503791,102455,Current,9656.64,0,Open
503792,102456,Current,33447.81,0,Open
503793,102457,Current,1942.27,0,Open
503794,102458,Current,7225.98,1000,Open
503795,102458,Savings,14450.0,0,Open
503796,102459,Savings,21614.39,0,Open
503797,102460,Savings,5123.7,0,Open
503798,102460,Current,4527.3,0,Open
503799,102461,Current,18920.69,0,Open
503800,102461,Savings,39279.33,0,Open
503801,102462,Savings,66817.07,0,Open
503802,102462,Current,63060.47,0,Open
503803,102463,Savings,15064.9,0,Open
503804,102463,Current,19719.91,1500,Open
503805,102464,Current,26964.64,2000,Open
503806,102464,Savings,34415.63,0,Open
503807,102465,Savings,39124.06,0,Open
503808,102466,Current,52816.65,0,Open
503809,102467,Savings,34750.0,0,Open
503810,102468,Savings,14590.35,0,Open
503811,102468,Current,6221.23,0,Open
503812,102469,Current,5093.54,0,Open
503813,102469,Savings,92531.98,0,Open
503814,102470,ISA,53619.8,0,Open
503815,102470,Current,21234.95,1500,Open
503816,102470,Savings,21720.75,0,Open
503817,102471,Current,26176.56,1000,Open
503818,102472,Current,44816.32,2000,Open
503819,102472,ISA,59488.43,0,Open
503820,102473,Current,46441.26,1000,Open
503821,102473,Savings,69717.95,0,Dormant
503822,102474,Savings,10612.72,0,Open
503823,102474,Savings,31918.85,0,Open
503824,102475,Current,5158.92,2000,Open
503825,102475,Current,25035.26,1000,Open
503826,102476,Savings,47221.62,0,Open
503827,102477,Savings,56067.84,0,Open
503828,102477,Current,6352.0,500,Open
503829,102478,Current,37127.18,1000,Open
503830,102479,Current,15145.13,2000,Open
503831,102479,Savings,29950.92,0,Open
503832,102480,Savings,14946.15,0,Open
503833,102480,ISA,22101.52,0,Open
503834,102481,Current,23658.98,0,Open
503835,102481,Current,34012.93,2000,Open
503836,102481,Savings,15167.29,0,Open
503837,102482,Savings,21694.09,0,Open
503838,102482,Savings,27072.04,0,Open
503839,102483,Current,5828.58,0,Open
503840,102483,Current,19175.12,0,Open
503841,102484,Savings,21454.06,0,Open
503842,102484,Savings,33560.12,0,Open
503843,102485,Current,3837.14,1500,Open
503844,102486,Current,8657.41,1000,Open
503845,102486,Current,5006.14,0,Open
503846,102487,ISA,45473.12,0,Open
503847,102488,Current,6833.76,0,Open
503848,102489,Savings,26769.59,0,Open
503849,102489,Savings,27995.44,0,Open
503850,102489,Current,9405.31,0,Open
503851,102490,ISA,86131.04,0,Open
503852,102491,ISA,83994.26,0,Open
503853,102492,Savings,29035.51,0,Open
503854,102493,Current,39372.99,1000,Open
503855,102493,Current,15529.0,500,Open
503856,102494,Current,12773.17,1000,Open
503857,102495,Current,9203.55,0,Open
503858,102496,Current,3106.32,500,Open
503859,102496,Current,10556.31,0,Open
503860,102497,Savings,81416.95,0,Open
503861,102498,Savings,10045.93,0,Open
503862,102499,Savings,14745.85,0,Open
503863,102499,Current,18785.18,1000,Open
503864,102500,Savings,52956.73,0,Open
503865,102500,Current,20508.66,1500,Open
503866,102500,Savings,24141.35,0,Open
