CustomerID,FullName,Gender,Age,Geography,TenureYears,EstimatedAnnualIncome,CreditScore,IsActiveMember,Exited,BranchID
100001,Customer_100001,Male,29,Germany,1,35954.55,714,1,0,3.0
100002,Customer_100002,Female,36,France,4,27387.43,750,0,0,2.0
100003,Customer_100003,Female,45,Spain,15,112419.43,721,0,0,4.0
100004,Customer_100004,Female,34,Germany,14,33487.16,653,1,0,3.0
100005,Customer_100005,Male,39,UK,14,33524.99,592,0,1,1.0
100006,Customer_100006,Male,47,Spain,0,35546.18,591,1,0,4.0
100007,Customer_100007,Female,38,Germany,10,43846.32,604,1,0,3.0
100008,Customer_100008,Female,45,Germany,10,36229.4,674,0,0,3.0
100009,Customer_100009,Female,61,UK,2,39562.06,694,0,0,1.0
100010,Customer_100010,Female,40,France,14,16000.0,549,1,1,2.0
100011,Customer_100011,Male,56,UK,6,43094.33,617,0,1,1.0
100012,Customer_100012,Male,49,Spain,15,42337.9,673,1,0,4.0
100013,Customer_100013,Male,24,France,1,67022.31,588,0,0,2.0
100014,Customer_100014,Male,29,Germany,10,75697.64,688,0,0,3.0
100015,Customer_100015,Male,32,France,2,38598.02,632,0,1,2.0
100016,Customer_100016,Female,32,UK,15,60641.09,601,0,0,1.0
100017,Customer_100017,Male,41,France,9,25583.91,659,0,1,2.0
100018,Customer_100018,Male,49,UK,1,59321.61,684,1,0,1.0
100019,Customer_100019,Female,57,Germany,3,32461.52,591,1,0,3.0
100020,Customer_100020,Male,46,France,5,24644.55,637,1,0,2.0
100021,Customer_100021,Male,37,Germany,0,38634.85,690,1,0,3.0
100022,Customer_100022,Female,18,UK,0,78876.41,598,1,0,1.0
100023,Customer_100023,Male,43,Spain,14,45564.19,531,0,1,4.0
100024,Customer_100024,Female,42,Spain,15,82359.13,540,1,0,4.0
100025,Customer_100025,Female,44,,8,29986.28,624,0,1,
100026,Customer_100026,Male,67,UK,14,67302.85,556,1,1,1.0
100027,Customer_100027,Female,57,France,10,31318.14,629,0,0,2.0
100028,Customer_100028,Female,51,UK,0,46482.11,780,0,0,1.0
100029,Customer_100029,Female,30,UK,11,46301.62,552,1,0,1.0
100030,Customer_100030,Female,36,Germany,0,56562.2,634,1,0,3.0
100031,Customer_100031,Female,41,Germany,13,47016.7,815,1,0,3.0
100032,Customer_100032,Female,33,Spain,5,30115.4,686,0,0,4.0
100033,Customer_100033,Female,48,UK,2,62415.13,627,0,0,1.0
100034,Customer_100034,Male,46,UK,4,91552.73,643,1,0,1.0
100035,Customer_100035,Female,29,France,10,32296.47,687,1,0,2.0
100036,Customer_100036,Female,56,UK,13,18390.15,782,1,0,1.0
100037,Customer_100037,Female,43,UK,9,52581.45,615,1,0,1.0
100038,Customer_100038,Male,21,France,2,36184.77,598,0,0,2.0
100039,Customer_100039,Male,41,UK,14,39593.83,552,1,0,1.0
100040,Customer_100040,Male,45,Germany,12,53944.17,663,0,0,3.0
100041,Customer_100041,Male,54,France,6,34202.3,550,0,0,2.0
100042,Customer_100042,Male,38,Germany,8,37214.04,620,0,0,3.0
100043,Customer_100043,Male,52,Germany,15,40149.73,587,1,0,3.0
100044,Customer_100044,Male,44,UK,6,81374.25,736,1,0,1.0
100045,Customer_100045,Female,26,Germany,0,42572.18,617,0,0,3.0
100046,Customer_100046,Male,25,Germany,2,24085.66,685,1,0,3.0
100047,Customer_100047,Female,55,UK,9,24520.86,535,0,0,1.0
100048,Customer_100048,Male,56,UK,15,44715.63,665,1,0,1.0
100049,Customer_100049,Male,46,Germany,11,25265.18,565,1,0,3.0
100050,Customer_100050,Male,60,UK,9,20793.35,623,0,0,1.0
100051,Customer_100051,Female,55,UK,5,55905.39,821,0,0,1.0
100052,Customer_100052,Male,50,UK,7,57150.83,725,1,0,1.0
100053,Customer_100053,Female,31,Germany,0,35587.99,645,1,0,3.0
100054,Customer_100054,Female,63,Germany,5,47933.58,850,1,1,3.0
100055,Customer_100055,Male,48,Germany,9,45710.33,586,1,0,3.0
100056,Customer_100056,Female,37,Germany,14,55078.44,742,1,0,3.0
100057,Customer_100057,Male,34,France,14,55136.23,540,1,1,2.0
100058,Customer_100058,Male,45,France,13,16000.0,637,1,0,2.0
100059,Customer_100059,Male,22,UK,0,37691.9,554,1,0,1.0
100060,Customer_100060,Male,50,UK,12,53023.04,674,1,0,1.0
100061,Customer_100061,Female,31,Germany,3,34916.66,659,1,0,3.0
100062,Customer_100062,Female,46,France,9,42689.83,632,1,0,2.0
100063,Customer_100063,Female,36,France,15,58879.01,737,1,0,2.0
100064,Customer_100064,Male,39,Germany,14,43557.68,612,0,1,3.0
100065,Customer_100065,Female,33,France,10,82783.88,680,1,0,2.0
100066,Customer_100066,Male,40,France,4,69742.75,717,1,0,2.0
100067,Customer_100067,Male,65,France,8,39817.87,544,1,0,2.0
100068,Customer_100068,Male,59,UK,11,38418.87,599,0,0,1.0
100069,Customer_100069,Female,46,UK,8,16000.0,659,0,0,1.0
100070,Customer_100070,Female,42,France,6,36261.03,702,0,0,2.0
100071,Customer_100071,Male,52,UK,6,22844.23,762,0,0,1.0
100072,Customer_100072,Female,56,France,9,46396.45,639,1,1,2.0
100073,Customer_100073,Female,32,Spain,0,44990.95,631,0,0,4.0
100074,Customer_100074,Female,41,UK,15,57443.66,590,1,0,1.0
100075,Customer_100075,Female,20,UK,1,78741.58,680,0,0,1.0
100076,Customer_100076,Female,55,UK,15,41506.43,633,0,0,1.0
100077,Customer_100077,Female,67,UK,0,117197.08,634,0,1,1.0
100078,Customer_100078,Female,43,Germany,8,46631.34,648,1,0,3.0
100079,Customer_100079,Male,18,France,6,23291.12,696,1,0,2.0
100080,Customer_100080,Female,49,Germany,9,32613.86,613,1,0,3.0
100081,Customer_100081,Male,31,Germany,6,35514.24,597,1,0,3.0
100082,Customer_100082,Female,34,France,14,54823.93,687,0,0,2.0
100083,Customer_100083,Male,50,Germany,0,27423.69,428,0,0,3.0
100084,Customer_100084,Male,45,UK,15,36729.51,610,1,0,1.0
100085,Customer_100085,Male,36,UK,11,39064.01,569,0,0,1.0
100086,Customer_100086,Male,34,UK,12,34329.85,745,1,1,1.0
100087,Customer_100087,Male,44,Germany,2,60509.87,622,1,0,3.0
100088,Customer_100088,Male,37,France,1,56051.13,613,1,0,2.0
100089,Customer_100089,Male,29,UK,6,70996.09,651,1,0,1.0
100090,Customer_100090,Male,38,France,5,36187.3,610,0,1,2.0
100091,Customer_100091,Female,46,UK,12,72154.31,625,0,1,1.0
100092,Customer_100092,Female,40,Germany,14,22734.21,662,0,1,3.0
100093,Customer_100093,Female,25,France,6,22486.09,623,1,0,2.0
100094,Customer_100094,Male,54,UK,12,24323.89,623,0,1,1.0
100095,Customer_100095,Male,18,UK,0,42174.46,579,1,0,1.0
100096,Customer_100096,Female,37,France,11,72149.46,568,1,0,2.0
100097,Customer_100097,Male,35,UK,1,32031.05,660,1,0,1.0
100098,Customer_100098,Male,44,UK,10,33891.27,678,1,0,1.0
100099,Customer_100099,Female,49,UK,6,38109.42,548,0,0,1.0
100100,Customer_100100,Female,56,Spain,6,54349.87,712,1,0,4.0
100101,Customer_100101,Male,33,Spain,4,33877.06,712,0,0,4.0
100102,Customer_100102,Female,49,Germany,6,33037.13,728,1,0,3.0
100103,Customer_100103,Male,44,UK,13,22925.31,677,1,0,1.0
100104,Customer_100104,Female,21,Spain,12,32472.55,703,0,0,4.0
100105,Customer_100105,Male,65,Germany,5,71345.01,819,1,0,3.0
100106,Customer_100106,Male,25,Germany,4,43754.14,632,0,0,3.0
100107,Customer_100107,Female,47,France,8,30106.32,577,0,0,2.0
100108,Customer_100108,Male,47,UK,10,73254.11,540,1,0,1.0
100109,Customer_100109,Female,45,UK,2,32275.99,787,0,0,1.0
100110,Customer_100110,Male,36,Spain,11,79570.99,788,0,0,4.0
100111,Customer_100111,Female,52,France,15,78987.75,586,1,0,2.0
100112,Customer_100112,Female,23,UK,13,43072.07,600,1,0,1.0
100113,Customer_100113,Male,41,UK,8,21398.53,631,1,0,1.0
100114,Customer_100114,Female,35,France,5,117677.15,747,0,0,2.0
100115,Customer_100115,Male,34,UK,5,49996.04,558,0,0,1.0
100116,Customer_100116,Male,47,Spain,11,36303.73,508,0,0,4.0
100117,Customer_100117,Male,55,Germany,7,64581.45,818,1,0,3.0
100118,Customer_100118,Female,38,Germany,1,57610.56,678,1,1,3.0
100119,Customer_100119,Female,51,France,10,75761.62,689,1,0,2.0
100120,Customer_100120,Female,43,France,2,31174.89,640,1,0,2.0
100121,Customer_100121,Female,31,France,15,48471.82,690,1,0,2.0
100122,Customer_100122,Female,39,France,6,24631.55,541,1,1,2.0
100123,Customer_100123,Male,38,UK,5,56685.59,592,1,0,1.0
100124,Customer_100124,Female,34,France,0,41568.56,663,1,0,2.0
100125,Customer_100125,Female,47,UK,2,47661.49,485,0,1,1.0
100126,Customer_100126,Male,45,France,15,39323.1,632,1,0,2.0
100127,Customer_100127,Female,23,UK,8,37514.39,628,1,0,1.0
100128,Customer_100128,Male,22,UK,14,28416.38,632,1,0,1.0
100129,Customer_100129,Male,47,UK,15,59941.15,614,0,1,1.0
100130,Customer_100130,Male,32,France,0,82108.08,580,0,0,2.0
100131,Customer_100131,Male,46,UK,6,32693.26,518,0,0,1.0
100132,Customer_100132,Male,51,Spain,13,53880.19,666,0,1,4.0
100133,Customer_100133,Female,27,France,7,51016.66,632,1,0,2.0
100134,Customer_100134,Female,25,UK,8,42153.33,552,1,0,1.0
100135,Customer_100135,Female,62,France,9,21130.16,660,1,0,2.0
100136,Customer_100136,Male,46,UK,11,23381.63,633,1,0,1.0
100137,Customer_100137,Male,37,Spain,15,29554.26,620,1,0,4.0
100138,Customer_100138,Male,31,France,14,16040.51,493,1,0,2.0
100139,Customer_100139,Female,36,Germany,10,79145.15,706,1,1,3.0
100140,Customer_100140,Male,28,UK,9,49557.62,563,1,1,1.0
100141,Customer_100141,Female,53,France,5,41437.54,660,1,0,2.0
100142,Customer_100142,Female,33,France,1,16000.0,594,1,1,2.0
100143,Customer_100143,Female,55,Spain,11,18484.41,626,1,0,4.0
100144,Customer_100144,Female,37,France,0,41955.77,741,1,0,2.0
100145,Customer_100145,Male,29,France,11,101940.58,695,1,1,2.0
100146,Customer_100146,Female,37,UK,7,30669.84,740,1,0,1.0
100147,Customer_100147,Female,18,UK,12,61953.17,680,1,0,1.0
100148,Customer_100148,Female,41,France,15,33842.37,685,1,1,2.0
100149,Customer_100149,Female,40,France,8,43057.11,521,1,0,2.0
100150,Customer_100150,Female,52,UK,9,72550.1,631,1,0,1.0
100151,Customer_100151,Female,19,Germany,7,35945.05,638,1,0,3.0
100152,Customer_100152,Male,56,Spain,5,30787.92,747,1,0,4.0
100153,Customer_100153,Female,52,UK,1,79503.53,617,1,0,1.0
100154,Customer_100154,Female,57,France,0,42869.93,675,1,0,2.0
100155,Customer_100155,Male,41,UK,11,68628.78,672,0,0,1.0
100156,Customer_100156,Female,54,Germany,14,30855.27,742,1,0,3.0
100157,Customer_100157,Male,24,UK,0,79096.85,645,1,0,1.0
100158,Customer_100158,Female,51,Germany,5,47503.43,717,1,0,3.0
100159,Customer_100159,Male,33,Germany,9,51076.48,527,0,1,3.0
100160,Customer_100160,Male,22,Germany,11,44562.95,534,1,0,3.0
100161,Customer_100161,Female,29,UK,11,33455.15,484,0,0,1.0
100162,Customer_100162,Male,42,Spain,11,41968.21,714,1,0,4.0
100163,Customer_100163,Male,32,UK,1,34415.4,706,1,0,1.0
100164,Customer_100164,Male,47,UK,4,64680.86,722,1,0,1.0
100165,Customer_100165,Male,20,France,7,38332.34,604,0,1,2.0
100166,Customer_100166,Female,18,UK,1,21418.21,613,0,1,1.0
100167,Customer_100167,Female,58,Germany,5,19725.83,646,0,0,3.0
100168,Customer_100168,Male,53,Germany,6,19310.45,763,1,0,3.0
100169,Customer_100169,Female,29,UK,15,55465.24,782,1,0,1.0
100170,Customer_100170,Male,42,Spain,5,25015.43,715,1,0,4.0
100171,Customer_100171,Female,54,UK,15,48072.4,680,1,1,1.0
100172,Customer_100172,Male,47,France,11,44662.23,755,1,0,2.0
100173,Customer_100173,Male,44,UK,11,40794.64,636,0,0,1.0
100174,Customer_100174,Male,55,Spain,13,51159.69,626,1,0,4.0
100175,Customer_100175,Female,33,UK,13,45101.08,645,1,0,1.0
100176,Customer_100176,Male,42,UK,3,16000.0,582,1,0,1.0
100177,Customer_100177,Male,42,France,6,36308.01,642,1,0,2.0
100178,Customer_100178,Female,39,Spain,8,50854.37,571,1,0,4.0
100179,Customer_100179,Female,37,Spain,15,87864.59,732,0,0,4.0
100180,Customer_100180,Male,43,Germany,0,89709.4,696,1,0,3.0
100181,Customer_100181,Female,42,Spain,7,22742.87,762,1,0,4.0
100182,Customer_100182,Female,29,Spain,3,35884.06,533,1,0,4.0
100183,Customer_100183,Male,52,France,3,20757.71,798,1,0,2.0
100184,Customer_100184,Female,30,UK,12,83230.84,537,1,0,1.0
100185,Customer_100185,Male,39,Germany,3,66251.29,565,1,0,3.0
100186,Customer_100186,Female,38,Germany,12,49177.4,608,1,0,3.0
100187,Customer_100187,Male,46,UK,15,45259.49,753,1,1,1.0
100188,Customer_100188,Female,18,UK,12,78175.29,672,0,0,1.0
100189,Customer_100189,Male,53,Germany,2,72440.53,637,1,0,3.0
100190,Customer_100190,Male,34,UK,2,70724.34,596,1,0,1.0
100191,Customer_100191,Female,57,Spain,6,51582.14,552,0,1,4.0
100192,Customer_100192,Male,36,UK,8,35892.09,740,1,1,1.0
100193,Customer_100193,Female,41,UK,12,59315.8,715,0,1,1.0
100194,Customer_100194,Female,65,Germany,6,60635.98,756,0,1,3.0
100195,Customer_100195,Female,39,UK,2,38547.17,685,0,1,1.0
100196,Customer_100196,Male,57,UK,15,35859.47,457,1,1,1.0
100197,Customer_100197,Female,42,France,14,69941.6,562,0,0,2.0
100198,Customer_100198,Male,47,Spain,10,88812.01,690,1,0,4.0
100199,Customer_100199,Male,43,UK,11,29977.33,627,1,0,1.0
100200,Customer_100200,Female,52,UK,14,37305.85,613,0,0,1.0
100201,Customer_100201,Female,34,Germany,7,49185.04,572,1,0,3.0
100202,Customer_100202,Female,30,Spain,2,52281.32,726,0,0,4.0
100203,Customer_100203,Male,34,France,9,33201.82,689,1,0,2.0
100204,Customer_100204,Female,43,UK,7,98028.07,693,1,0,1.0
100205,Customer_100205,Female,39,UK,12,50785.58,607,1,0,1.0
100206,Customer_100206,Male,51,UK,12,53345.63,668,0,0,1.0
100207,Customer_100207,Female,58,UK,7,92681.37,555,1,0,1.0
100208,Customer_100208,Male,30,Germany,5,34315.32,645,0,0,3.0
100209,Customer_100209,Male,33,UK,6,40361.46,465,1,0,1.0
100210,Customer_100210,Female,25,France,10,23895.13,537,0,1,2.0
100211,Customer_100211,Female,66,Germany,10,38865.69,631,1,0,3.0
100212,Customer_100212,Male,46,France,8,21491.39,833,1,0,2.0
100213,Customer_100213,Male,48,UK,8,58803.53,520,1,0,1.0
100214,Customer_100214,Male,26,Germany,15,50737.65,562,1,0,3.0
100215,Customer_100215,Female,42,Germany,4,37076.69,671,0,0,3.0
100216,Customer_100216,Male,48,Germany,2,40144.24,788,1,0,3.0
100217,Customer_100217,Male,39,UK,12,59164.96,670,1,1,1.0
100218,Customer_100218,Female,55,UK,14,25192.88,708,0,0,1.0
100219,Customer_100219,Male,70,Spain,9,46041.59,630,0,0,4.0
100220,Customer_100220,Female,31,UK,6,57538.2,617,0,1,1.0
100221,Customer_100221,Male,30,UK,5,18833.67,661,1,0,1.0
100222,Customer_100222,Female,31,France,7,57162.14,606,0,0,2.0
100223,Customer_100223,Male,61,Germany,0,19773.48,709,1,1,3.0
100224,Customer_100224,Male,55,Spain,8,39835.25,535,1,0,4.0
100225,Customer_100225,Male,40,UK,4,24881.97,722,0,0,1.0
100226,Customer_100226,Female,42,Spain,4,79976.32,658,1,0,4.0
100227,Customer_100227,Female,32,UK,8,24952.28,639,1,0,1.0
100228,Customer_100228,Male,53,France,15,19987.04,532,1,1,2.0
100229,Customer_100229,Male,37,France,3,44597.51,582,1,0,2.0
100230,Customer_100230,Female,39,UK,14,34865.69,745,1,0,1.0
100231,Customer_100231,Male,49,UK,8,21340.3,639,1,0,1.0
100232,Customer_100232,Male,40,France,15,53212.13,676,0,0,2.0
100233,Customer_100233,Female,39,Spain,6,17141.37,589,0,0,4.0
100234,Customer_100234,Male,42,France,15,26347.18,653,1,0,2.0
100235,Customer_100235,Male,52,Spain,10,32421.49,552,1,1,4.0
100236,Customer_100236,Male,62,Germany,10,60260.07,662,1,0,3.0
100237,Customer_100237,Male,49,France,9,75236.04,683,1,0,2.0
100238,Customer_100238,Female,52,Germany,7,68987.24,679,1,0,3.0
100239,Customer_100239,Female,40,UK,8,39200.77,587,1,0,1.0
100240,Customer_100240,Female,34,UK,13,16000.0,629,0,0,1.0
100241,Customer_100241,Male,50,Germany,12,50076.58,695,1,0,3.0
100242,Customer_100242,Female,44,Germany,0,81404.28,639,1,0,3.0
100243,Customer_100243,Male,25,UK,11,73176.57,633,1,0,1.0
100244,Customer_100244,Female,38,France,13,51727.87,798,0,0,2.0
100245,Customer_100245,Male,41,France,11,24591.32,584,1,0,2.0
100246,Customer_100246,Female,36,Spain,7,33157.92,736,1,0,4.0
100247,Customer_100247,Male,60,France,5,100271.96,568,0,0,2.0
100248,Customer_100248,Male,48,France,10,22201.09,704,1,0,2.0
100249,Customer_100249,Male,58,UK,10,25056.7,708,1,0,1.0
100250,Customer_100250,Male,45,France,5,64188.1,617,1,0,2.0
100251,Customer_100251,Male,43,Germany,6,34592.88,564,0,0,3.0
100252,Customer_100252,Female,31,Spain,5,24677.2,507,0,0,4.0
100253,Customer_100253,Female,42,France,0,83534.24,609,1,0,2.0
100254,Customer_100254,Male,42,UK,0,51683.82,694,0,0,1.0
100255,Customer_100255,Female,26,UK,1,35369.83,574,0,0,1.0
100256,Customer_100256,Female,36,Germany,6,25080.01,662,0,1,3.0
100257,Customer_100257,Female,38,Germany,8,105530.77,544,0,0,3.0
100258,Customer_100258,Female,47,UK,6,41540.39,637,0,0,1.0
100259,Customer_100259,Female,48,UK,15,78764.88,569,1,0,1.0
100260,Customer_100260,Female,35,France,3,62790.56,649,1,0,2.0
100261,Customer_100261,Female,48,UK,6,33223.71,617,0,0,1.0
100262,Customer_100262,Female,40,Germany,3,33342.94,566,1,0,3.0
100263,Customer_100263,Male,18,UK,4,80520.46,606,1,0,1.0
100264,Customer_100264,Male,36,UK,9,81109.69,585,0,1,1.0
100265,Customer_100265,Male,55,Spain,4,18048.41,556,0,1,4.0
100266,Customer_100266,Female,22,UK,5,53789.09,736,1,0,1.0
100267,Customer_100267,Male,43,UK,10,39770.4,628,0,0,1.0
100268,Customer_100268,Female,61,UK,13,26381.8,490,1,0,1.0
100269,Customer_100269,Female,33,UK,3,47250.13,608,0,0,1.0
100270,Customer_100270,Female,42,UK,1,22882.01,724,0,0,1.0
100271,Customer_100271,Male,26,UK,3,34047.78,598,1,0,1.0
100272,Customer_100272,Female,62,UK,9,29322.54,767,1,0,1.0
100273,Customer_100273,Female,41,UK,15,33540.83,591,0,1,1.0
100274,Customer_100274,Male,43,France,2,40670.55,693,1,0,2.0
100275,Customer_100275,Female,58,Germany,0,26593.44,733,1,0,3.0
100276,Customer_100276,Male,50,UK,8,85251.03,689,1,0,1.0
100277,Customer_100277,Female,31,UK,15,52438.82,552,1,1,1.0
100278,Customer_100278,Male,34,France,8,94181.43,584,1,0,2.0
100279,Customer_100279,Male,48,Spain,14,39080.89,743,0,0,4.0
100280,Customer_100280,Male,35,Spain,10,32809.37,595,1,0,4.0
100281,Customer_100281,Male,18,UK,0,92661.83,728,1,0,1.0
100282,Customer_100282,Male,41,UK,6,32380.06,623,1,0,1.0
100283,Customer_100283,Female,24,UK,12,38761.92,666,1,0,1.0
100284,Customer_100284,Male,61,UK,8,58072.43,551,1,0,1.0
100285,Customer_100285,Male,44,France,3,24063.42,609,0,0,2.0
100286,Customer_100286,Female,31,France,2,57844.14,589,0,1,2.0
100287,Customer_100287,Female,34,UK,10,54607.75,672,1,0,1.0
100288,Customer_100288,Female,19,UK,7,74356.12,662,0,0,1.0
100289,Customer_100289,Female,29,France,9,62689.23,690,1,0,2.0
100290,Customer_100290,Male,54,UK,5,75388.89,618,1,0,1.0
100291,Customer_100291,Female,69,Germany,5,39964.03,585,0,0,3.0
100292,Customer_100292,Male,51,UK,10,28487.57,669,1,0,1.0
100293,Customer_100293,Female,41,Spain,0,108544.81,578,0,1,4.0
100294,Customer_100294,Female,37,UK,6,21129.21,736,1,0,1.0
100295,Customer_100295,Female,31,Germany,5,22103.56,646,0,0,3.0
100296,Customer_100296,Female,67,Spain,12,54161.87,631,1,0,4.0
100297,Customer_100297,Female,40,Spain,11,87261.85,690,1,0,4.0
100298,Customer_100298,Male,67,Germany,6,45739.74,649,1,0,3.0
100299,Customer_100299,Female,59,Germany,4,65848.48,531,0,0,3.0
100300,Customer_100300,Female,21,France,3,,575,1,0,2.0
100301,Customer_100301,Female,34,Germany,3,33544.55,734,1,0,3.0
100302,Customer_100302,Male,34,UK,4,18072.53,661,1,0,1.0
100303,Customer_100303,Male,41,France,12,59671.5,529,1,0,2.0
100304,Customer_100304,Female,41,France,0,20934.86,681,1,0,2.0
100305,Customer_100305,Male,78,Spain,0,23633.17,613,0,0,4.0
100306,Customer_100306,Male,29,France,8,52930.57,589,1,0,2.0
100307,Customer_100307,Male,45,UK,3,67727.38,569,1,1,1.0
100308,Customer_100308,Female,49,France,13,39100.45,730,1,0,2.0
100309,Customer_100309,Male,42,UK,12,54284.96,508,1,1,1.0
100310,Customer_100310,Male,43,UK,12,53499.61,592,1,0,1.0
100311,Customer_100311,Male,29,France,7,38119.56,664,1,0,2.0
100312,Customer_100312,Female,43,France,7,25663.05,773,1,0,2.0
100313,Customer_100313,Female,48,UK,6,54156.11,697,0,1,1.0
100314,Customer_100314,Male,46,UK,3,55343.69,592,1,0,1.0
100315,Customer_100315,Male,49,UK,9,62801.6,770,1,0,1.0
100316,Customer_100316,Female,59,UK,13,48332.27,553,1,0,1.0
100317,Customer_100317,Male,53,UK,4,24824.84,675,0,0,1.0
100318,Customer_100318,Female,43,Germany,0,57301.26,692,0,0,3.0
100319,Customer_100319,Male,28,UK,9,41973.91,589,1,0,1.0
100320,Customer_100320,Female,35,Spain,6,33799.22,707,1,0,4.0
100321,Customer_100321,Male,39,Spain,12,36784.75,616,1,0,4.0
100322,Customer_100322,Female,45,France,13,30785.81,707,0,0,2.0
100323,Customer_100323,Male,36,UK,15,62655.37,517,1,0,1.0
100324,Customer_100324,Female,31,France,6,22187.25,680,1,0,2.0
100325,Customer_100325,Female,28,Germany,14,26859.0,624,1,0,3.0
100326,Customer_100326,Female,22,Germany,1,36224.0,741,1,1,3.0
100327,Customer_100327,Male,39,Germany,5,86821.78,652,1,0,3.0
100328,Customer_100328,Male,24,France,4,67497.86,749,1,0,2.0
100329,Customer_100329,Female,30,France,14,20071.31,693,0,1,2.0
100330,Customer_100330,Female,37,UK,9,77151.87,645,0,0,1.0
100331,Customer_100331,Male,26,Germany,5,77085.0,714,1,0,3.0
100332,Customer_100332,Male,47,UK,2,24763.38,715,1,0,1.0
100333,Customer_100333,Male,51,Germany,12,16000.0,690,0,0,3.0
100334,Customer_100334,Female,35,Spain,10,40656.95,483,0,0,4.0
100335,Customer_100335,Female,37,UK,13,69599.72,581,0,0,1.0
100336,Customer_100336,Female,48,France,7,85947.57,759,0,1,2.0
100337,Customer_100337,Female,33,UK,2,28383.2,561,1,0,1.0
100338,Customer_100338,Male,33,Germany,5,92393.83,721,1,0,3.0
100339,Customer_100339,Male,56,UK,9,16000.0,708,1,0,1.0
100340,Customer_100340,Male,53,Spain,3,35589.36,601,1,0,4.0
100341,Customer_100341,Female,49,UK,1,34810.7,505,0,0,1.0
100342,Customer_100342,Male,53,Spain,13,70542.92,612,1,1,4.0
100343,Customer_100343,Male,18,Germany,8,75332.05,811,1,0,3.0
100344,Customer_100344,Male,58,France,6,64526.13,590,1,0,2.0
100345,Customer_100345,Male,47,Germany,8,22872.2,595,0,1,3.0
100346,Customer_100346,Female,54,Germany,11,61920.31,580,0,1,3.0
100347,Customer_100347,Male,47,Spain,0,52812.0,746,1,0,4.0
100348,Customer_100348,Male,43,UK,7,19798.66,637,1,0,1.0
100349,Customer_100349,Female,39,France,4,16568.67,608,1,0,2.0
100350,Customer_100350,Male,46,UK,1,67004.84,761,1,1,1.0
100351,Customer_100351,Male,38,France,0,38730.4,698,1,0,2.0
100352,Customer_100352,Male,52,UK,7,23554.99,586,1,0,1.0
100353,Customer_100353,Female,23,France,8,,563,0,0,2.0
100354,Customer_100354,Male,36,France,8,49476.02,742,1,0,2.0
100355,Customer_100355,Female,67,France,12,40462.94,656,1,0,2.0
100356,Customer_100356,Female,34,France,7,20890.11,539,0,0,2.0
100357,Customer_100357,Female,39,Germany,9,98117.94,521,1,0,3.0
100358,Customer_100358,Male,31,Germany,13,65994.26,571,0,0,3.0
100359,Customer_100359,Female,46,France,10,36116.5,562,1,0,2.0
100360,Customer_100360,Male,33,France,14,36777.16,502,1,0,2.0
100361,Customer_100361,Male,40,Spain,3,49374.74,573,1,0,4.0
100362,Customer_100362,Female,52,UK,12,25262.98,586,1,0,1.0
100363,Customer_100363,Male,34,UK,11,48563.59,620,0,0,1.0
100364,Customer_100364,Male,51,UK,9,23077.08,782,1,0,1.0
100365,Customer_100365,Male,52,Germany,0,40687.84,635,1,0,3.0
100366,Customer_100366,Male,55,France,8,24824.04,642,1,0,2.0
100367,Customer_100367,Male,44,Germany,13,25394.48,693,0,1,3.0
100368,Customer_100368,Female,80,Germany,10,88079.94,637,1,0,3.0
100369,Customer_100369,Female,55,UK,0,43134.42,685,1,0,1.0
100370,Customer_100370,Male,46,Spain,4,46108.74,676,0,1,4.0
100371,Customer_100371,Female,31,Germany,9,16988.7,664,1,0,3.0
100372,Customer_100372,Male,41,UK,12,32105.23,850,1,0,1.0
100373,Customer_100373,Male,59,UK,7,51687.45,723,1,0,1.0
100374,Customer_100374,Male,63,UK,13,45834.22,574,1,0,1.0
100375,Customer_100375,Male,60,UK,12,16000.0,683,0,0,1.0
100376,Customer_100376,Male,51,UK,4,46103.17,596,1,0,1.0
100377,Customer_100377,Male,27,Spain,3,49532.11,688,0,0,4.0
100378,Customer_100378,Male,48,France,14,74840.75,552,1,0,2.0
100379,Customer_100379,Female,27,UK,9,31274.89,572,1,0,1.0
100380,Customer_100380,Male,24,Germany,13,16000.0,681,1,0,3.0
100381,Customer_100381,Male,45,France,14,26819.33,730,1,0,2.0
100382,Customer_100382,Male,48,Spain,6,25635.81,693,1,0,4.0
100383,Customer_100383,Female,53,Germany,0,58509.47,719,1,0,3.0
100384,Customer_100384,Male,48,France,14,16000.0,683,1,0,2.0
100385,Customer_100385,Female,48,UK,9,34326.21,668,0,0,1.0
100386,Customer_100386,Male,30,Spain,1,79780.38,617,1,0,4.0
100387,Customer_100387,Male,41,Germany,8,42136.54,716,1,1,3.0
100388,Customer_100388,Female,24,Spain,0,62866.42,732,1,0,4.0
100389,Customer_100389,Male,18,UK,4,20062.66,650,1,0,1.0
100390,Customer_100390,Male,51,Spain,5,20425.3,646,1,1,4.0
100391,Customer_100391,Male,33,France,7,80192.4,774,0,0,2.0
100392,Customer_100392,Female,52,UK,9,43957.2,653,1,0,1.0
100393,Customer_100393,Female,55,France,13,43997.95,661,1,0,2.0
100394,Customer_100394,Female,35,Germany,5,25393.69,691,1,0,3.0
100395,Customer_100395,Female,49,UK,11,43948.63,648,1,0,1.0
100396,Customer_100396,Male,34,France,15,25078.17,593,1,0,2.0
100397,Customer_100397,Female,20,Germany,11,71647.72,683,1,0,3.0
100398,Customer_100398,Male,43,UK,4,143336.27,652,1,0,1.0
100399,Customer_100399,Female,36,France,10,52218.83,793,1,0,2.0
100400,Customer_100400,Male,37,France,4,31561.68,714,0,0,2.0
100401,Customer_100401,Male,66,UK,7,16000.0,610,1,0,1.0
100402,Customer_100402,Female,24,Spain,10,19681.14,710,1,0,4.0
100403,Customer_100403,Male,47,Germany,4,84551.21,678,1,0,3.0
100404,Customer_100404,Female,30,UK,0,26430.89,753,1,0,1.0
100405,Customer_100405,Male,53,Spain,13,35544.8,616,1,0,4.0
100406,Customer_100406,Female,46,Spain,11,56405.48,669,1,0,4.0
100407,Customer_100407,Female,47,UK,1,81834.59,648,1,0,1.0
100408,Customer_100408,Male,31,Germany,6,38392.25,659,1,0,3.0
100409,Customer_100409,Female,33,UK,4,35007.75,589,1,0,1.0
100410,Customer_100410,Female,53,Spain,15,43375.69,698,0,1,4.0
100411,Customer_100411,Female,63,Germany,15,31665.65,686,0,1,3.0
100412,Customer_100412,Male,48,Germany,11,32441.91,751,0,0,3.0
100413,Customer_100413,Female,31,UK,7,50552.67,654,1,0,1.0
100414,Customer_100414,Female,46,Spain,0,45652.15,624,0,0,4.0
100415,Customer_100415,Male,71,UK,3,109605.99,714,1,1,1.0
100416,Customer_100416,Male,43,UK,1,51169.91,595,1,0,1.0
100417,Customer_100417,Male,60,UK,12,70505.1,736,0,0,1.0
100418,Customer_100418,Female,33,Germany,1,25934.95,736,1,0,3.0
100419,Customer_100419,Male,41,UK,10,53196.38,749,1,0,1.0
100420,Customer_100420,Female,49,Spain,15,30335.78,683,0,0,4.0
100421,Customer_100421,Female,47,Germany,4,50180.35,619,1,1,3.0
100422,Customer_100422,Male,33,UK,10,57254.21,663,1,0,1.0
100423,Customer_100423,Male,32,UK,14,42953.18,684,1,0,1.0
100424,Customer_100424,Female,54,UK,6,124084.92,613,1,0,1.0
100425,Customer_100425,Male,56,France,7,79858.84,755,0,1,2.0
100426,Customer_100426,Female,60,,3,71338.06,699,1,0,
100427,Customer_100427,Female,64,UK,6,59240.08,588,1,0,1.0
100428,Customer_100428,Female,44,Germany,13,92868.27,796,1,0,3.0
100429,Customer_100429,Male,38,UK,10,21999.8,662,0,0,1.0
100430,Customer_100430,Female,58,Germany,3,77812.11,573,0,0,3.0
100431,Customer_100431,Female,51,Spain,8,26886.11,593,0,1,4.0
100432,Customer_100432,Male,30,Germany,11,32580.6,767,0,0,3.0
100433,Customer_100433,Female,30,Germany,1,54070.9,792,1,0,3.0
100434,Customer_100434,Female,48,Germany,12,73157.8,731,1,0,3.0
100435,Customer_100435,Female,40,UK,3,24992.11,754,0,0,1.0
100436,Customer_100436,Male,42,UK,4,33348.89,746,1,0,1.0
100437,Customer_100437,Male,55,UK,6,43884.41,697,1,0,1.0
100438,Customer_100438,Male,51,France,8,38621.34,680,1,1,2.0
100439,Customer_100439,Male,58,Germany,14,61681.5,695,1,0,3.0
100440,Customer_100440,Male,19,France,3,180000.0,710,1,1,2.0
100441,Customer_100441,Female,45,Spain,4,50722.21,599,0,0,4.0
100442,Customer_100442,Male,50,UK,6,30169.49,710,1,0,1.0
100443,Customer_100443,Female,24,Germany,13,23435.24,764,1,0,3.0
100444,Customer_100444,Male,34,UK,15,36281.41,640,1,1,1.0
100445,Customer_100445,Male,32,UK,7,27510.21,632,1,0,1.0
100446,Customer_100446,Male,42,Germany,11,51835.07,691,1,0,3.0
100447,Customer_100447,Male,62,Spain,14,51474.13,606,1,0,4.0
100448,Customer_100448,Female,66,France,13,34098.18,556,0,1,2.0
100449,Customer_100449,Female,32,UK,10,102606.3,741,1,0,1.0
100450,Customer_100450,Female,48,France,8,30166.09,621,1,0,2.0
100451,Customer_100451,Male,49,UK,15,39802.34,656,1,1,1.0
100452,Customer_100452,Female,47,Spain,3,55996.7,609,1,0,4.0
100453,Customer_100453,Male,47,Germany,5,62745.97,751,1,0,3.0
100454,Customer_100454,Female,46,UK,11,74632.72,719,1,0,1.0
100455,Customer_100455,Male,62,UK,0,50932.08,637,1,0,1.0
100456,Customer_100456,Male,55,UK,8,67395.64,567,0,1,1.0
100457,Customer_100457,Male,29,Spain,13,31136.19,629,0,1,4.0
100458,Customer_100458,Male,52,France,2,63485.18,698,1,0,2.0
100459,Customer_100459,Male,53,Germany,12,63104.86,669,1,0,3.0
100460,Customer_100460,Female,46,France,6,82969.13,663,1,0,2.0
100461,Customer_100461,Female,56,France,13,19823.61,671,1,0,2.0
100462,Customer_100462,Female,44,UK,10,27922.62,712,1,0,1.0
100463,Customer_100463,Male,44,Spain,2,60830.0,652,1,0,4.0
100464,Customer_100464,Female,43,UK,11,16000.0,689,1,1,1.0
100465,Customer_100465,Male,18,France,0,52408.69,581,0,0,2.0
100466,Customer_100466,Female,41,Germany,3,67665.85,847,1,0,3.0
100467,Customer_100467,Male,34,France,14,32404.61,634,0,0,2.0
100468,Customer_100468,Male,28,Spain,14,34607.97,670,0,1,4.0
100469,Customer_100469,Female,59,UK,0,25901.68,697,1,0,1.0
100470,Customer_100470,Male,48,France,6,33214.06,624,1,0,2.0
100471,Customer_100471,Male,42,France,1,33650.02,656,1,0,2.0
100472,Customer_100472,Female,35,France,4,30888.72,655,1,0,2.0
100473,Customer_100473,Male,46,UK,15,30135.82,586,1,0,1.0
100474,Customer_100474,Female,54,UK,3,37178.01,688,1,0,1.0
100475,Customer_100475,Male,32,UK,10,36976.13,531,1,0,1.0
100476,Customer_100476,Female,42,UK,12,97614.79,786,1,0,1.0
100477,Customer_100477,Female,52,France,14,35173.27,714,1,0,2.0
100478,Customer_100478,Female,19,France,5,49035.14,703,1,0,2.0
100479,Customer_100479,Female,41,France,11,32397.21,525,0,1,2.0
100480,Customer_100480,Female,37,France,7,32212.4,596,0,1,2.0
100481,Customer_100481,Female,40,France,1,19505.62,759,1,1,2.0
100482,Customer_100482,Male,36,UK,3,20708.72,850,1,0,1.0
100483,Customer_100483,Male,44,France,11,24398.47,745,0,1,2.0
100484,Customer_100484,Female,65,UK,10,45619.41,733,1,0,1.0
100485,Customer_100485,Male,38,UK,8,68166.13,694,1,0,1.0
100486,Customer_100486,Male,46,France,12,18796.5,591,0,0,2.0
100487,Customer_100487,Male,66,France,11,32805.13,730,1,0,2.0
100488,Customer_100488,Female,35,UK,5,22704.63,572,1,0,1.0
100489,Customer_100489,Male,64,France,4,37290.74,564,1,0,2.0
100490,Customer_100490,Female,42,France,15,68153.73,559,1,0,2.0
100491,Customer_100491,Female,63,Germany,15,34348.99,728,1,0,3.0
100492,Customer_100492,Female,51,France,0,41111.46,651,1,0,2.0
100493,Customer_100493,Male,46,Germany,12,80844.08,663,1,0,3.0
100494,Customer_100494,Female,41,UK,2,51610.49,654,1,1,1.0
100495,Customer_100495,Female,35,Germany,13,29833.39,571,0,0,3.0
100496,Customer_100496,Male,43,France,9,45113.5,605,0,0,2.0
100497,Customer_100497,Female,53,France,11,28941.38,608,1,0,2.0
100498,Customer_100498,Male,42,France,11,50748.73,550,0,0,2.0
100499,Customer_100499,Female,38,UK,9,52961.89,617,1,0,1.0
100500,Customer_100500,Male,39,France,4,22701.88,574,0,0,2.0
100501,Customer_100501,Female,54,Germany,12,45444.28,698,1,0,3.0
100502,Customer_100502,Female,57,Spain,8,39835.63,705,1,1,4.0
100503,Customer_100503,Male,34,Spain,8,53665.72,558,1,0,4.0
100504,Customer_100504,Female,34,France,5,61055.04,633,1,0,2.0
100505,Customer_100505,Male,47,France,0,52066.51,794,1,0,2.0
100506,Customer_100506,Female,60,Germany,8,36643.37,581,1,0,3.0
100507,Customer_100507,Female,56,UK,5,63922.29,687,1,0,1.0
100508,Customer_100508,Male,27,Germany,10,28354.66,663,1,0,3.0
100509,Customer_100509,Male,39,France,5,23183.36,737,1,0,2.0
100510,Customer_100510,Female,31,UK,15,16000.0,677,1,0,1.0
100511,Customer_100511,Male,39,UK,10,40695.04,623,1,0,1.0
100512,Customer_100512,Female,61,Germany,7,29019.67,660,0,1,3.0
100513,Customer_100513,Female,25,UK,11,50232.34,661,0,0,1.0
100514,Customer_100514,Female,23,UK,10,17298.46,648,0,0,1.0
100515,Customer_100515,Male,32,UK,9,31388.43,556,1,0,1.0
100516,Customer_100516,Female,45,UK,9,51898.56,748,1,0,1.0
100517,Customer_100517,Female,49,UK,14,26423.22,735,1,0,1.0
100518,Customer_100518,Male,47,Germany,5,50493.02,577,1,0,3.0
100519,Customer_100519,Male,56,UK,6,32688.05,632,1,0,1.0
100520,Customer_100520,Male,21,Germany,4,41384.48,638,1,0,3.0
100521,Customer_100521,Male,56,Spain,9,54898.76,568,1,0,4.0
100522,Customer_100522,Female,38,UK,15,64484.72,515,1,0,1.0
100523,Customer_100523,Male,51,UK,9,43785.0,605,1,0,1.0
100524,Customer_100524,Female,26,France,3,29118.25,628,1,0,2.0
100525,Customer_100525,Male,42,UK,14,34176.97,547,1,0,1.0
100526,Customer_100526,Male,45,UK,12,55941.11,668,1,0,1.0
100527,Customer_100527,Male,56,Spain,7,26525.47,742,0,0,4.0
100528,Customer_100528,Female,23,Spain,2,38765.85,718,1,0,4.0
100529,Customer_100529,Female,42,Germany,6,35304.9,645,1,0,3.0
100530,Customer_100530,Male,29,UK,12,40091.2,517,1,0,1.0
100531,Customer_100531,Female,48,Germany,9,26668.75,709,1,1,3.0
100532,Customer_100532,Male,51,Germany,2,18252.36,666,0,0,3.0
100533,Customer_100533,Male,57,UK,2,53090.81,687,1,0,1.0
100534,Customer_100534,Male,36,France,15,64814.46,800,1,0,2.0
100535,Customer_100535,Female,53,UK,7,18749.95,593,1,0,1.0
100536,Customer_100536,Female,58,UK,10,49584.9,439,1,1,1.0
100537,Customer_100537,Female,22,France,5,68381.47,576,1,0,2.0
100538,Customer_100538,Male,49,UK,1,54917.36,691,0,1,1.0
100539,Customer_100539,Male,54,UK,6,34819.17,657,1,1,1.0
100540,Customer_100540,Female,39,Germany,11,27470.05,564,0,0,3.0
100541,Customer_100541,Male,27,Spain,5,43558.71,549,1,0,4.0
100542,Customer_100542,Female,53,France,9,46954.21,628,1,0,2.0
100543,Customer_100543,Female,28,Germany,7,43850.36,562,0,0,3.0
100544,Customer_100544,Male,40,Spain,5,38729.79,694,1,0,4.0
100545,Customer_100545,Female,42,UK,4,25802.63,624,0,1,1.0
100546,Customer_100546,Female,51,France,4,50799.14,608,1,1,2.0
100547,Customer_100547,Male,34,UK,4,51912.22,598,1,0,1.0
100548,Customer_100548,Female,34,UK,11,45972.32,675,1,0,1.0
100549,Customer_100549,Female,43,Germany,5,44151.05,658,1,0,3.0
100550,Customer_100550,Male,54,France,11,89418.88,670,0,0,2.0
100551,Customer_100551,Female,69,France,4,31712.13,669,1,0,2.0
100552,Customer_100552,Male,24,UK,5,74762.42,650,1,0,1.0
100553,Customer_100553,Female,46,UK,14,30185.41,578,0,0,1.0
100554,Customer_100554,Female,29,Spain,14,69179.0,600,1,0,4.0
100555,Customer_100555,Female,54,UK,6,73162.65,625,0,0,1.0
100556,Customer_100556,Male,31,UK,4,36810.99,810,0,0,1.0
100557,Customer_100557,Female,34,UK,11,88686.08,554,1,0,1.0
100558,Customer_100558,Male,35,France,1,51869.75,624,1,1,2.0
100559,Customer_100559,Male,41,France,7,28301.0,662,0,0,2.0
100560,Customer_100560,Male,46,France,9,35491.71,632,1,0,2.0
100561,Customer_100561,Female,48,UK,10,69924.26,736,1,0,1.0
100562,Customer_100562,Male,42,UK,1,63627.69,632,0,0,1.0
100563,Customer_100563,Male,26,Germany,0,26089.98,637,1,0,3.0
100564,Customer_100564,Female,51,France,4,39448.81,716,0,1,2.0
100565,Customer_100565,Male,41,France,1,46028.23,791,1,0,2.0
100566,Customer_100566,Male,56,Germany,8,33423.11,761,0,0,3.0
100567,Customer_100567,Male,34,Germany,14,121350.07,645,1,0,3.0
100568,Customer_100568,Male,23,UK,4,46656.78,651,1,0,1.0
100569,Customer_100569,Female,42,UK,7,40847.85,659,0,0,1.0
100570,Customer_100570,Male,58,France,3,71776.17,666,1,0,2.0
100571,Customer_100571,Male,44,UK,0,35634.83,591,1,0,1.0
100572,Customer_100572,Female,40,Germany,11,66089.64,725,0,0,3.0
100573,Customer_100573,Female,32,France,4,19829.88,670,0,1,2.0
100574,Customer_100574,Female,63,Germany,8,34244.48,652,0,1,3.0
100575,Customer_100575,Female,30,Spain,10,67339.79,560,1,0,4.0
100576,Customer_100576,Female,33,France,13,85136.73,660,1,0,2.0
100577,Customer_100577,Male,49,Spain,2,29656.65,513,1,0,4.0
100578,Customer_100578,Female,20,France,9,28141.63,611,1,1,2.0
100579,Customer_100579,Female,57,Spain,14,54218.41,613,1,0,4.0
100580,Customer_100580,Male,49,UK,7,31731.33,677,1,0,1.0
100581,Customer_100581,Male,53,France,0,37218.63,796,1,0,2.0
100582,Customer_100582,Male,49,France,4,62305.64,698,1,0,2.0
100583,Customer_100583,Female,40,UK,12,32878.65,764,1,0,1.0
100584,Customer_100584,Female,29,UK,12,17343.68,703,1,1,1.0
100585,Customer_100585,Female,40,Spain,5,23387.03,739,1,1,4.0
100586,Customer_100586,Male,30,France,3,42188.58,794,1,0,2.0
100587,Customer_100587,Male,48,UK,4,18158.33,600,0,1,1.0
100588,Customer_100588,Male,52,UK,3,36742.99,595,1,1,1.0
100589,Customer_100589,Female,60,UK,11,22448.55,705,0,0,1.0
100590,Customer_100590,Female,46,UK,13,87851.0,655,0,0,1.0
100591,Customer_100591,Female,53,Spain,0,111272.68,672,1,0,4.0
100592,Customer_100592,Female,38,France,11,26088.14,636,1,0,2.0
100593,Customer_100593,Female,36,UK,12,47144.2,610,1,0,1.0
100594,Customer_100594,Female,48,France,9,27261.84,777,1,1,2.0
100595,Customer_100595,Male,37,UK,13,36542.56,573,1,0,1.0
100596,Customer_100596,Male,45,UK,0,94559.65,706,1,0,1.0
100597,Customer_100597,Male,29,Germany,11,34044.2,694,0,0,3.0
100598,Customer_100598,Male,31,France,2,36927.36,537,1,0,2.0
100599,Customer_100599,Male,50,Spain,14,27482.01,593,1,0,4.0
100600,Customer_100600,Male,53,France,7,70348.03,605,0,1,2.0
100601,Customer_100601,Female,30,France,1,16000.0,697,0,1,2.0
100602,Customer_100602,Male,50,Germany,11,34412.19,627,0,0,3.0
100603,Customer_100603,Female,36,Spain,11,41141.65,649,0,0,4.0
100604,Customer_100604,Female,42,Germany,7,31192.72,546,0,0,3.0
100605,Customer_100605,Female,59,Spain,4,61946.13,829,1,0,4.0
100606,Customer_100606,Female,52,Germany,0,72138.07,660,0,1,3.0
100607,Customer_100607,Male,52,Spain,14,22247.99,692,1,0,4.0
100608,Customer_100608,Female,65,UK,2,107741.91,614,1,0,1.0
100609,Customer_100609,Male,34,Germany,13,22135.95,606,1,1,3.0
100610,Customer_100610,Female,30,France,9,75004.9,798,1,0,2.0
100611,Customer_100611,Male,33,France,10,44929.39,511,1,0,2.0
100612,Customer_100612,Male,39,Germany,11,33481.87,676,1,1,3.0
100613,Customer_100613,Female,18,Spain,13,34933.79,564,1,0,4.0
100614,Customer_100614,Female,40,Spain,0,41371.36,625,1,0,4.0
100615,Customer_100615,Male,35,UK,15,46129.73,607,1,0,1.0
100616,Customer_100616,Female,51,Germany,0,27760.11,581,0,1,3.0
100617,Customer_100617,Male,46,Germany,15,37803.31,658,1,0,3.0
100618,Customer_100618,Female,35,UK,4,29691.68,462,0,1,1.0
100619,Customer_100619,Male,49,UK,13,24310.23,631,1,0,1.0
100620,Customer_100620,Male,51,UK,1,29075.02,648,0,0,1.0
100621,Customer_100621,Male,33,Germany,7,25032.65,553,1,0,3.0
100622,Customer_100622,Male,36,France,8,34764.61,768,1,0,2.0
100623,Customer_100623,Male,18,Spain,15,51023.35,610,1,0,4.0
100624,Customer_100624,Male,29,France,1,44344.53,637,0,1,2.0
100625,Customer_100625,Male,33,Spain,0,102117.57,611,0,0,4.0
100626,Customer_100626,Male,43,France,10,16000.0,649,0,0,2.0
100627,Customer_100627,Female,31,Germany,0,51876.87,753,1,0,3.0
100628,Customer_100628,Male,36,UK,12,42121.52,840,1,0,1.0
100629,Customer_100629,Female,27,France,0,60625.84,711,1,0,2.0
100630,Customer_100630,Female,44,Germany,15,57978.89,737,1,0,3.0
100631,Customer_100631,Male,47,Spain,8,38994.61,784,1,1,4.0
100632,Customer_100632,Female,47,Germany,15,45393.22,674,0,1,3.0
100633,Customer_100633,Male,42,UK,2,30049.27,773,0,0,1.0
100634,Customer_100634,Male,24,UK,4,55358.24,714,1,0,1.0
100635,Customer_100635,Female,35,UK,7,18032.49,666,1,1,1.0
100636,Customer_100636,Female,37,UK,0,59575.33,681,1,0,1.0
100637,Customer_100637,Female,37,Germany,1,41564.3,518,1,0,3.0
100638,Customer_100638,Male,43,Germany,5,33733.51,677,1,0,3.0
100639,Customer_100639,Female,59,Germany,11,37827.25,539,0,1,3.0
100640,Customer_100640,Male,52,Spain,11,39096.44,533,1,0,4.0
100641,Customer_100641,Male,30,Germany,1,75298.21,669,1,0,3.0
100642,Customer_100642,Male,50,Germany,0,179961.29,571,1,0,3.0
100643,Customer_100643,Female,50,UK,10,72719.64,654,0,0,1.0
100644,Customer_100644,Male,32,UK,5,32566.14,665,1,0,1.0
100645,Customer_100645,Female,52,France,12,55760.82,669,1,0,2.0
100646,Customer_100646,Female,40,Spain,4,56864.3,587,1,0,4.0
100647,Customer_100647,Female,25,UK,5,27697.64,722,1,0,1.0
100648,Customer_100648,Female,47,France,3,23814.86,648,1,0,2.0
100649,Customer_100649,Female,45,Germany,4,40820.86,688,1,0,3.0
100650,Customer_100650,Male,39,UK,11,,565,1,0,1.0
100651,Customer_100651,Male,42,France,7,20335.25,642,1,0,2.0
100652,Customer_100652,Female,33,Spain,10,30364.24,737,1,0,4.0
100653,Customer_100653,Male,49,Germany,1,54345.56,728,0,1,3.0
100654,Customer_100654,Male,41,UK,8,42796.03,595,0,0,1.0
100655,Customer_100655,Male,44,Spain,7,79439.26,614,0,0,4.0
100656,Customer_100656,Male,46,UK,14,22254.72,581,0,1,1.0
100657,Customer_100657,Male,28,Spain,6,121042.76,606,1,0,4.0
100658,Customer_100658,Male,31,UK,1,21022.07,550,1,0,1.0
100659,Customer_100659,Female,18,France,11,16853.29,645,1,0,2.0
100660,Customer_100660,Male,49,UK,2,40901.18,702,1,0,1.0
100661,Customer_100661,Female,27,UK,14,25208.04,596,1,0,1.0
100662,Customer_100662,Female,44,Spain,6,41273.87,648,0,0,4.0
100663,Customer_100663,Male,46,UK,12,40629.42,638,0,0,1.0
100664,Customer_100664,Female,49,UK,10,38458.17,734,0,0,1.0
100665,Customer_100665,Female,28,UK,7,28748.47,609,1,0,1.0
100666,Customer_100666,Female,41,Germany,9,51027.51,612,0,0,3.0
100667,Customer_100667,Male,62,Germany,2,36410.89,592,0,1,3.0
100668,Customer_100668,Male,63,Spain,1,69014.65,570,0,0,4.0
100669,Customer_100669,Male,54,UK,12,38725.65,695,1,0,1.0
100670,Customer_100670,Female,46,France,15,27209.83,645,1,1,2.0
100671,Customer_100671,Female,30,UK,13,19652.41,659,1,0,1.0
100672,Customer_100672,Female,51,France,4,38869.91,751,0,0,2.0
100673,Customer_100673,Female,40,Spain,5,23724.96,755,1,0,4.0
100674,Customer_100674,Female,49,Germany,5,22878.25,532,1,0,3.0
100675,Customer_100675,Female,34,France,11,53251.47,704,1,1,2.0
100676,Customer_100676,Male,40,UK,9,18872.73,672,1,0,1.0
100677,Customer_100677,Female,44,Spain,12,79293.54,620,0,0,4.0
100678,Customer_100678,Male,45,France,15,45129.76,680,1,0,2.0
100679,Customer_100679,Male,48,UK,6,41179.49,526,1,0,1.0
100680,Customer_100680,Male,35,UK,10,26364.67,765,1,1,1.0
100681,Customer_100681,Female,26,UK,8,59242.38,694,1,0,1.0
100682,Customer_100682,Male,61,UK,15,41945.13,590,1,0,1.0
100683,Customer_100683,Male,72,UK,5,30843.5,611,1,0,1.0
100684,Customer_100684,Male,47,France,3,45951.69,527,1,0,2.0
100685,Customer_100685,Male,26,France,6,19696.01,631,0,0,2.0
100686,Customer_100686,Male,33,UK,9,20121.17,619,0,0,1.0
100687,Customer_100687,Female,48,France,15,25370.47,556,0,1,2.0
100688,Customer_100688,Female,58,Spain,13,49153.93,713,1,0,4.0
100689,Customer_100689,Male,27,Germany,0,41938.46,751,1,0,3.0
100690,Customer_100690,Male,41,France,8,67337.03,653,1,0,2.0
100691,Customer_100691,Male,44,UK,2,27762.17,632,0,0,1.0
100692,Customer_100692,Male,52,Spain,5,54394.89,688,1,1,4.0
100693,Customer_100693,Female,38,UK,15,39902.06,654,1,0,1.0
100694,Customer_100694,Female,23,UK,15,27475.63,574,1,0,1.0
100695,Customer_100695,Female,49,Spain,2,49951.78,606,0,0,4.0
100696,Customer_100696,Male,55,France,2,40770.72,633,0,1,2.0
100697,Customer_100697,Female,41,Germany,11,31644.55,674,1,0,3.0
100698,Customer_100698,Male,47,France,6,42801.33,656,1,0,2.0
100699,Customer_100699,Male,36,Germany,6,39621.86,671,1,0,3.0
100700,Customer_100700,Female,32,UK,13,39193.46,541,1,0,1.0
100701,Customer_100701,Female,54,UK,14,34883.11,705,1,0,1.0
100702,Customer_100702,Female,47,UK,14,23346.4,655,0,1,1.0
100703,Customer_100703,Female,48,UK,12,43437.11,846,1,0,1.0
100704,Customer_100704,Female,60,Spain,15,29266.64,626,0,1,4.0
100705,Customer_100705,Female,29,UK,11,26536.51,679,1,0,1.0
100706,Customer_100706,Male,35,France,14,37688.49,850,1,0,2.0
100707,Customer_100707,Male,44,Germany,8,58438.89,670,1,0,3.0
100708,Customer_100708,Male,35,Germany,0,45658.77,650,0,0,3.0
100709,Customer_100709,Male,51,France,13,33070.96,581,1,0,2.0
100710,Customer_100710,Male,40,France,14,32478.03,770,0,0,2.0
100711,Customer_100711,Male,30,Spain,4,55912.37,568,0,1,4.0
100712,Customer_100712,Female,43,Germany,6,16000.0,687,1,0,3.0
100713,Customer_100713,Female,44,Germany,9,60128.5,619,1,0,3.0
100714,Customer_100714,Female,53,Spain,10,18071.98,641,1,1,4.0
100715,Customer_100715,Male,47,Germany,10,22214.3,548,1,0,3.0
100716,Customer_100716,Female,48,UK,6,33323.07,756,1,0,1.0
100717,Customer_100717,Male,46,France,13,111522.4,634,1,0,2.0
100718,Customer_100718,Male,40,UK,13,89345.27,564,1,0,1.0
100719,Customer_100719,Male,33,Germany,15,57719.16,749,0,0,3.0
100720,Customer_100720,Male,45,Spain,9,49309.35,617,1,0,4.0
100721,Customer_100721,Male,38,France,1,18167.69,680,1,0,2.0
100722,Customer_100722,Female,62,France,13,45069.73,718,1,0,2.0
100723,Customer_100723,Female,58,UK,1,32803.0,691,1,0,1.0
100724,Customer_100724,Female,50,Spain,3,29083.42,490,1,0,4.0
100725,Customer_100725,Male,47,UK,4,45030.09,707,0,0,1.0
100726,Customer_100726,Female,41,UK,2,33976.53,647,1,1,1.0
100727,Customer_100727,Female,27,UK,11,62106.73,630,1,0,1.0
100728,Customer_100728,Male,39,UK,7,17575.22,647,1,0,1.0
100729,Customer_100729,Female,43,France,3,43441.91,534,1,1,2.0
100730,Customer_100730,Male,45,France,0,28277.77,669,0,1,2.0
100731,Customer_100731,Male,48,UK,3,34929.56,553,1,0,1.0
100732,Customer_100732,Male,53,UK,11,48170.73,634,1,0,1.0
100733,Customer_100733,Male,34,UK,12,25403.35,667,1,0,1.0
100734,Customer_100734,Male,34,UK,4,45221.57,736,1,0,1.0
100735,Customer_100735,Male,59,UK,1,,594,1,0,1.0
100736,Customer_100736,Male,51,Germany,8,31199.61,764,1,0,3.0
100737,Customer_100737,Female,37,UK,12,33984.75,726,0,0,1.0
100738,Customer_100738,Male,41,UK,1,39178.23,623,1,0,1.0
100739,Customer_100739,Male,41,UK,12,29729.6,572,1,0,1.0
100740,Customer_100740,Male,42,France,2,42134.3,547,0,0,2.0
100741,Customer_100741,Female,48,UK,4,37058.22,675,1,0,1.0
100742,Customer_100742,Female,72,UK,9,31899.57,600,0,1,1.0
100743,Customer_100743,Female,44,Spain,0,85892.68,745,0,0,4.0
100744,Customer_100744,Male,50,UK,4,50629.15,604,0,0,1.0
100745,Customer_100745,Male,22,France,2,35355.33,587,0,0,2.0
100746,Customer_100746,Female,36,France,3,44849.25,673,1,1,2.0
100747,Customer_100747,Male,57,UK,12,26459.11,604,1,0,1.0
100748,Customer_100748,Female,47,France,3,34505.63,656,0,0,2.0
100749,Customer_100749,Female,18,Germany,0,36366.02,729,1,0,3.0
100750,Customer_100750,Male,50,Germany,3,23965.43,664,1,0,3.0
100751,Customer_100751,Female,65,UK,1,49997.8,664,0,1,1.0
100752,Customer_100752,Female,18,UK,9,33453.08,670,0,1,1.0
100753,Customer_100753,Male,60,UK,15,35791.47,528,0,0,1.0
100754,Customer_100754,Male,18,France,2,32516.44,684,1,0,2.0
100755,Customer_100755,Male,53,Germany,11,159056.64,667,0,0,3.0
100756,Customer_100756,Female,42,UK,5,31171.14,722,1,0,1.0
100757,Customer_100757,Male,18,UK,1,16556.27,700,1,0,1.0
100758,Customer_100758,Male,47,Spain,11,20444.22,640,1,0,4.0
100759,Customer_100759,Female,56,UK,3,59107.38,732,1,0,1.0
100760,Customer_100760,Male,46,France,8,76636.49,633,0,1,2.0
100761,Customer_100761,Male,49,Germany,8,30903.24,674,1,0,3.0
100762,Customer_100762,Female,37,UK,9,74678.85,632,1,0,1.0
100763,Customer_100763,Male,20,UK,2,58638.13,690,0,0,1.0
100764,Customer_100764,Male,50,UK,4,38567.25,627,1,1,1.0
100765,Customer_100765,Male,63,Spain,11,37355.08,779,1,0,4.0
100766,Customer_100766,Male,56,UK,14,45561.42,806,1,0,1.0
100767,Customer_100767,Male,18,UK,0,62335.1,721,1,0,1.0
100768,Customer_100768,Female,24,UK,6,50221.95,771,1,0,1.0
100769,Customer_100769,Female,32,UK,14,30972.69,540,1,0,1.0
100770,Customer_100770,Male,23,France,4,38833.23,548,1,1,2.0
100771,Customer_100771,Female,43,UK,7,102436.0,631,1,0,1.0
100772,Customer_100772,Female,47,France,14,47026.71,658,1,0,2.0
100773,Customer_100773,Female,25,France,15,62107.46,640,1,0,2.0
100774,Customer_100774,Female,51,Germany,10,53550.11,532,1,0,3.0
100775,Customer_100775,Female,49,UK,11,47497.67,741,0,0,1.0
100776,Customer_100776,Female,35,Spain,9,44105.48,817,1,0,4.0
100777,Customer_100777,Male,40,France,4,62896.81,751,1,0,2.0
100778,Customer_100778,Female,19,UK,14,58035.72,736,1,0,1.0
100779,Customer_100779,Male,38,Germany,0,47295.81,672,1,0,3.0
100780,Customer_100780,Male,42,Spain,0,30737.29,592,0,0,4.0
100781,Customer_100781,Female,44,UK,9,49957.42,660,1,1,1.0
100782,Customer_100782,Male,47,Spain,13,40752.45,813,1,0,4.0
100783,Customer_100783,Male,45,France,13,36559.99,629,0,0,2.0
100784,Customer_100784,Male,39,France,10,140206.85,621,1,0,2.0
100785,Customer_100785,Male,45,Spain,6,21012.06,738,1,0,4.0
100786,Customer_100786,Female,54,UK,5,64650.8,743,1,0,1.0
100787,Customer_100787,Female,41,Germany,6,28487.57,591,1,0,3.0
100788,Customer_100788,Male,46,UK,4,44554.25,635,0,0,1.0
100789,Customer_100789,Male,40,Germany,6,133424.26,617,1,0,3.0
100790,Customer_100790,Male,34,France,1,,660,1,0,2.0
100791,Customer_100791,Male,48,UK,5,30323.62,738,0,0,1.0
100792,Customer_100792,Female,35,France,15,41670.29,595,1,0,2.0
100793,Customer_100793,Female,47,UK,11,28686.37,737,1,0,1.0
100794,Customer_100794,Male,42,UK,2,62520.53,663,1,0,1.0
100795,Customer_100795,Male,38,UK,4,33020.59,829,1,0,1.0
100796,Customer_100796,Female,38,UK,4,56372.08,679,1,0,1.0
100797,Customer_100797,Female,36,UK,4,23093.11,648,1,0,1.0
100798,Customer_100798,Male,22,UK,11,18626.69,698,1,1,1.0
100799,Customer_100799,Male,47,Germany,14,37887.69,630,0,0,3.0
100800,Customer_100800,Male,45,Germany,11,20735.37,520,1,0,3.0
100801,Customer_100801,Female,52,Germany,7,83170.33,637,1,0,3.0
100802,Customer_100802,Male,36,UK,2,21099.68,636,0,1,1.0
100803,Customer_100803,Male,65,Spain,2,26330.04,536,0,1,4.0
100804,Customer_100804,Female,37,France,13,50592.26,650,1,0,2.0
100805,Customer_100805,Female,31,UK,10,32259.28,500,0,1,1.0
100806,Customer_100806,Male,30,UK,8,21208.35,629,1,0,1.0
100807,Customer_100807,Male,21,Germany,9,105177.93,673,0,0,3.0
100808,Customer_100808,Male,60,UK,13,26760.7,662,0,0,1.0
100809,Customer_100809,Female,58,France,13,38449.8,624,1,1,2.0
100810,Customer_100810,Male,49,Spain,1,38226.65,649,1,0,4.0
100811,Customer_100811,Female,31,UK,6,57818.5,596,0,0,1.0
100812,Customer_100812,Female,64,UK,0,51713.98,656,0,0,1.0
100813,Customer_100813,Female,38,Spain,6,28951.13,659,1,0,4.0
100814,Customer_100814,Female,39,France,10,36272.05,587,1,0,2.0
100815,Customer_100815,Male,59,UK,3,37922.88,675,1,0,1.0
100816,Customer_100816,Male,50,Spain,2,58832.91,675,0,1,4.0
100817,Customer_100817,Female,68,Spain,7,24826.83,643,0,0,4.0
100818,Customer_100818,Male,45,France,8,104148.67,837,1,0,2.0
100819,Customer_100819,Male,37,France,11,,644,1,0,2.0
100820,Customer_100820,Male,35,UK,0,41834.96,634,0,0,1.0
100821,Customer_100821,Male,20,UK,3,24920.09,623,1,0,1.0
100822,Customer_100822,Male,39,France,12,23417.84,582,1,0,2.0
100823,Customer_100823,Female,56,UK,10,28337.24,706,1,0,1.0
100824,Customer_100824,Female,49,Germany,14,27137.98,604,1,0,3.0
100825,Customer_100825,Female,42,Germany,13,34857.0,612,1,1,3.0
100826,Customer_100826,Female,30,UK,13,27035.08,615,1,0,1.0
100827,Customer_100827,Male,45,France,8,57435.82,581,1,0,2.0
100828,Customer_100828,Female,54,UK,15,29527.64,524,0,0,1.0
100829,Customer_100829,Male,47,Spain,6,28091.1,620,1,1,4.0
100830,Customer_100830,Male,44,UK,14,35192.52,721,1,0,1.0
100831,Customer_100831,Female,32,France,6,65657.19,670,1,0,2.0
100832,Customer_100832,Male,52,France,7,46263.99,772,1,0,2.0
100833,Customer_100833,Male,18,UK,10,40157.5,711,1,1,1.0
100834,Customer_100834,Male,47,Germany,6,22038.69,694,1,0,3.0
100835,Customer_100835,Male,73,Germany,2,25114.64,796,1,0,3.0
100836,Customer_100836,Male,24,France,14,23626.88,648,1,0,2.0
100837,Customer_100837,Female,39,Germany,7,75622.41,660,0,1,3.0
100838,Customer_100838,Female,42,Spain,14,53325.95,654,1,0,4.0
100839,Customer_100839,Male,36,France,6,28501.03,771,1,0,2.0
100840,Customer_100840,Female,54,France,15,32580.12,655,1,0,2.0
100841,Customer_100841,Male,48,UK,9,28970.82,606,0,0,1.0
100842,Customer_100842,Female,44,Germany,12,28191.83,699,1,1,3.0
100843,Customer_100843,Male,52,France,12,51666.27,594,1,1,2.0
100844,Customer_100844,Male,42,France,3,36902.46,695,1,0,2.0
100845,Customer_100845,Male,80,UK,13,107146.29,686,1,0,1.0
100846,Customer_100846,Female,44,Spain,15,73724.23,641,0,1,4.0
100847,Customer_100847,Female,44,UK,10,75711.93,697,1,0,1.0
100848,Customer_100848,Female,21,Germany,15,56813.86,543,1,0,3.0
100849,Customer_100849,Female,35,UK,13,34725.46,667,0,0,1.0
100850,Customer_100850,Male,56,Spain,10,54963.84,620,0,0,4.0
100851,Customer_100851,Male,26,UK,7,35898.48,850,1,0,1.0
100852,Customer_100852,Male,18,UK,13,87469.82,667,1,0,1.0
100853,Customer_100853,Male,42,Spain,2,50380.05,610,0,0,4.0
100854,Customer_100854,Male,58,Spain,8,47263.19,552,0,1,4.0
100855,Customer_100855,Male,43,UK,13,44471.67,753,0,0,1.0
100856,Customer_100856,Male,38,France,15,91908.13,629,0,1,2.0
100857,Customer_100857,Female,20,Germany,4,22031.69,596,1,1,3.0
100858,Customer_100858,Male,47,Spain,1,96052.91,680,1,0,4.0
100859,Customer_100859,Female,50,UK,5,38625.03,704,1,0,1.0
100860,Customer_100860,Female,21,France,13,22307.05,703,1,0,2.0
100861,Customer_100861,Male,56,Germany,8,29939.4,656,0,0,3.0
100862,Customer_100862,Male,51,Germany,0,19981.49,667,1,1,3.0
100863,Customer_100863,Female,56,Germany,1,56363.13,672,1,0,3.0
100864,Customer_100864,Female,49,France,5,26322.86,680,1,0,2.0
100865,Customer_100865,Male,50,UK,5,45311.92,687,1,0,1.0
100866,Customer_100866,Male,48,Spain,2,69970.05,737,1,0,4.0
100867,Customer_100867,Female,52,Spain,7,31039.54,659,1,0,4.0
100868,Customer_100868,Female,20,Germany,7,37226.58,594,0,0,3.0
100869,Customer_100869,Male,24,UK,3,23363.02,644,1,0,1.0
100870,Customer_100870,Male,33,UK,3,35265.63,712,1,0,1.0
100871,Customer_100871,Female,40,Germany,10,133751.05,521,1,0,3.0
100872,Customer_100872,Male,47,UK,15,59605.0,521,1,0,1.0
100873,Customer_100873,Female,46,Spain,15,37283.13,724,0,0,4.0
100874,Customer_100874,Male,55,UK,8,31893.75,769,1,0,1.0
100875,Customer_100875,Male,56,Germany,0,41201.91,560,0,1,3.0
100876,Customer_100876,Male,32,Spain,14,44531.31,663,1,0,4.0
100877,Customer_100877,Male,45,UK,15,34781.59,625,1,0,1.0
100878,Customer_100878,Female,32,UK,4,53313.86,635,1,0,1.0
100879,Customer_100879,Male,40,France,6,27347.31,678,0,0,2.0
100880,Customer_100880,Female,46,France,0,27286.58,558,0,1,2.0
100881,Customer_100881,Male,18,France,12,49613.23,572,1,0,2.0
100882,Customer_100882,Female,71,France,12,24823.25,632,1,0,2.0
100883,Customer_100883,Female,49,Spain,0,58307.3,644,1,1,4.0
100884,Customer_100884,Female,35,France,11,41730.96,571,1,0,2.0
100885,Customer_100885,Male,65,UK,6,18450.85,714,1,0,1.0
100886,Customer_100886,Female,38,UK,8,44121.37,624,0,1,1.0
100887,Customer_100887,Female,44,UK,3,19675.1,623,1,0,1.0
100888,Customer_100888,Female,36,UK,13,57379.24,676,0,0,1.0
100889,Customer_100889,Male,62,UK,6,37552.81,645,0,0,1.0
100890,Customer_100890,Male,41,,13,96607.61,718,1,0,
100891,Customer_100891,Male,44,UK,2,68017.19,585,1,1,1.0
100892,Customer_100892,Female,56,Spain,9,26058.86,550,0,1,4.0
100893,Customer_100893,Female,49,UK,4,16917.3,632,1,0,1.0
100894,Customer_100894,Male,41,UK,15,29900.47,660,1,0,1.0
100895,Customer_100895,Female,55,Germany,8,24242.4,562,0,1,3.0
100896,Customer_100896,Female,72,Spain,11,95511.99,551,1,0,4.0
100897,Customer_100897,Male,46,UK,1,41805.5,669,0,1,1.0
100898,Customer_100898,Male,43,UK,10,63924.84,598,1,0,1.0
100899,Customer_100899,Female,44,UK,1,36944.09,546,1,0,1.0
100900,Customer_100900,Female,58,France,5,38737.93,727,1,0,2.0
100901,Customer_100901,Male,35,France,3,41387.85,608,1,0,2.0
100902,Customer_100902,Female,39,UK,0,69103.98,741,1,0,1.0
100903,Customer_100903,Female,24,UK,9,48322.67,657,1,0,1.0
100904,Customer_100904,Female,28,France,3,26098.28,677,1,0,2.0
100905,Customer_100905,Female,36,Spain,8,87164.83,639,1,0,4.0
100906,Customer_100906,Female,41,Germany,12,36814.9,456,0,0,3.0
100907,Customer_100907,Male,63,France,2,34215.73,570,1,1,2.0
100908,Customer_100908,Male,48,UK,11,16000.0,646,1,0,1.0
100909,Customer_100909,Male,31,UK,4,55876.81,682,1,0,1.0
100910,Customer_100910,Male,33,UK,5,43953.19,521,1,0,1.0
100911,Customer_100911,Female,58,Germany,9,43931.7,651,1,0,3.0
100912,Customer_100912,Male,56,Spain,10,35036.79,571,1,1,4.0
100913,Customer_100913,Male,42,Spain,10,32421.49,673,1,0,4.0
100914,Customer_100914,Male,37,Spain,3,35564.87,654,0,0,4.0
100915,Customer_100915,Male,55,Spain,9,51732.8,711,1,0,4.0
100916,Customer_100916,Male,30,Spain,4,55995.57,735,1,0,4.0
100917,Customer_100917,Female,47,UK,4,37852.82,689,0,0,1.0
100918,Customer_100918,Female,69,UK,15,64372.82,720,1,0,1.0
100919,Customer_100919,Male,44,UK,1,40533.6,629,1,0,1.0
100920,Customer_100920,Female,33,France,6,33473.96,850,1,0,2.0
100921,Customer_100921,Female,47,UK,7,45922.57,564,1,0,1.0
100922,Customer_100922,Male,36,Germany,3,22781.43,615,1,0,3.0
100923,Customer_100923,Female,25,France,12,46636.94,723,1,0,2.0
100924,Customer_100924,Male,50,France,7,20982.48,711,1,1,2.0
100925,Customer_100925,Male,55,UK,11,26448.32,692,1,0,1.0
100926,Customer_100926,Female,38,UK,6,16932.9,706,1,0,1.0
100927,Customer_100927,Male,37,UK,14,38817.34,499,1,0,1.0
100928,Customer_100928,Female,30,Spain,11,86661.07,774,1,1,4.0
100929,Customer_100929,Female,40,France,5,39844.53,640,1,0,2.0
100930,Customer_100930,Female,35,Germany,15,56108.26,748,1,1,3.0
100931,Customer_100931,Female,30,UK,13,121050.87,502,1,0,1.0
100932,Customer_100932,Female,65,UK,9,50374.99,674,1,0,1.0
100933,Customer_100933,Female,48,France,0,29764.73,613,1,0,2.0
100934,Customer_100934,Male,49,Germany,9,31666.64,698,0,0,3.0
100935,Customer_100935,Male,53,Germany,11,42012.44,679,0,0,3.0
100936,Customer_100936,Female,51,UK,5,31590.83,682,1,0,1.0
100937,Customer_100937,Male,37,Spain,2,32672.39,576,1,0,4.0
100938,Customer_100938,Male,45,UK,9,65433.47,651,1,0,1.0
100939,Customer_100939,Male,39,Spain,12,66648.99,641,0,0,4.0
100940,Customer_100940,Female,47,UK,5,20016.72,692,1,0,1.0
100941,Customer_100941,Male,46,UK,7,29063.8,729,1,0,1.0
100942,Customer_100942,Male,37,Germany,0,34085.35,666,0,0,3.0
100943,Customer_100943,Male,26,UK,11,54995.96,559,1,0,1.0
100944,Customer_100944,Male,44,France,13,70249.53,663,0,0,2.0
100945,Customer_100945,Female,40,France,12,141677.76,850,1,0,2.0
100946,Customer_100946,Male,19,UK,6,34059.76,778,1,0,1.0
100947,Customer_100947,Female,48,Germany,0,34833.92,432,0,1,3.0
100948,Customer_100948,Female,54,Spain,7,54736.25,660,1,1,4.0
100949,Customer_100949,Male,72,Spain,15,30897.4,725,1,0,4.0
100950,Customer_100950,Female,37,UK,1,39418.56,641,0,0,1.0
100951,Customer_100951,Female,36,France,3,34844.75,620,0,0,2.0
100952,Customer_100952,Female,29,UK,13,16000.0,635,1,0,1.0
100953,Customer_100953,Male,45,UK,9,44394.9,696,0,0,1.0
100954,Customer_100954,Male,44,UK,2,38691.01,569,1,0,1.0
100955,Customer_100955,Female,32,Spain,0,74419.92,744,1,0,4.0
100956,Customer_100956,Female,40,Spain,6,42103.9,651,0,1,4.0
100957,Customer_100957,Female,18,Germany,9,23879.81,585,1,0,3.0
100958,Customer_100958,Female,53,France,13,37394.56,739,0,0,2.0
100959,Customer_100959,Male,33,France,14,16390.18,539,1,1,2.0
100960,Customer_100960,Female,42,France,7,24355.47,613,1,0,2.0
100961,Customer_100961,Male,25,France,6,55904.64,612,1,0,2.0
100962,Customer_100962,Female,35,France,14,,816,1,0,2.0
100963,Customer_100963,Male,39,UK,12,63611.76,604,0,0,1.0
100964,Customer_100964,Male,42,UK,3,17332.24,493,1,0,1.0
100965,Customer_100965,Female,48,Spain,10,37658.62,611,1,0,4.0
100966,Customer_100966,Female,59,France,11,33909.29,689,1,0,2.0
100967,Customer_100967,Female,51,Spain,3,64573.33,714,1,0,4.0
100968,Customer_100968,Male,54,UK,15,56849.81,826,1,0,1.0
100969,Customer_100969,Male,59,France,4,56074.61,761,1,0,2.0
100970,Customer_100970,Female,49,UK,8,84040.95,669,1,0,1.0
100971,Customer_100971,Male,42,UK,7,35588.78,588,1,0,1.0
100972,Customer_100972,Male,54,UK,11,76589.19,777,1,0,1.0
100973,Customer_100973,Female,55,UK,14,26252.91,627,1,0,1.0
100974,Customer_100974,Male,50,Spain,6,25823.23,606,1,0,4.0
100975,Customer_100975,Female,25,UK,6,58933.26,624,1,1,1.0
100976,Customer_100976,Male,32,France,12,21339.0,561,1,0,2.0
100977,Customer_100977,Female,39,France,15,54348.34,620,1,0,2.0
100978,Customer_100978,Female,51,France,14,43959.14,638,1,0,2.0
100979,Customer_100979,Female,42,France,12,68033.71,710,0,1,2.0
100980,Customer_100980,Female,56,UK,11,40891.4,626,1,0,1.0
100981,Customer_100981,Male,58,Spain,12,43072.8,560,0,1,4.0
100982,Customer_100982,Female,56,Germany,14,52817.3,535,1,0,3.0
100983,Customer_100983,Female,56,Germany,0,31170.66,671,1,0,3.0
100984,Customer_100984,Female,30,France,9,30565.65,660,0,0,2.0
100985,Customer_100985,Female,48,UK,0,51995.8,613,1,0,1.0
100986,Customer_100986,Female,35,Spain,9,41450.09,620,1,1,4.0
100987,Customer_100987,Female,22,,6,34966.08,684,1,0,
100988,Customer_100988,Female,39,UK,4,40464.17,759,1,0,1.0
100989,Customer_100989,Male,58,UK,14,86075.21,596,1,0,1.0
100990,Customer_100990,Male,48,Germany,11,34408.77,662,0,1,3.0
100991,Customer_100991,Female,66,France,9,33962.63,727,1,0,2.0
100992,Customer_100992,Male,44,Germany,14,19478.66,597,1,0,3.0
100993,Customer_100993,Female,71,Germany,1,41207.11,654,1,0,3.0
100994,Customer_100994,Female,44,UK,10,56445.03,652,1,0,1.0
100995,Customer_100995,Male,42,Spain,2,61188.47,557,0,1,4.0
100996,Customer_100996,Female,27,France,3,44095.93,668,1,0,2.0
100997,Customer_100997,Female,55,France,2,64572.89,657,0,0,2.0
100998,Customer_100998,Female,36,UK,8,58365.4,697,1,0,1.0
100999,Customer_100999,Male,34,Spain,10,69303.63,566,1,0,4.0
101000,Customer_101000,Female,57,UK,12,65405.46,656,1,0,1.0
101001,Customer_101001,Male,56,UK,7,85128.32,759,0,1,1.0
101002,Customer_101002,Female,56,France,15,38912.19,811,1,0,2.0
101003,Customer_101003,Male,38,UK,5,,751,1,1,1.0
101004,Customer_101004,Female,41,UK,2,56618.91,567,0,1,1.0
101005,Customer_101005,Female,41,France,0,59675.32,689,1,0,2.0
101006,Customer_101006,Female,51,UK,2,85128.98,619,1,0,1.0
101007,Customer_101007,Male,61,Spain,7,74757.56,676,0,0,4.0
101008,Customer_101008,Female,46,UK,6,100799.38,597,1,0,1.0
101009,Customer_101009,Female,66,Germany,13,55512.26,526,1,0,3.0
101010,Customer_101010,Male,53,France,2,46555.0,629,1,0,2.0
101011,Customer_101011,Female,39,Germany,4,22520.53,709,0,0,3.0
101012,Customer_101012,Female,52,France,15,48246.01,677,1,0,2.0
101013,Customer_101013,Female,62,France,0,32754.59,685,0,0,2.0
101014,Customer_101014,Female,66,Spain,6,46193.96,671,0,1,4.0
101015,Customer_101015,Female,56,UK,3,43043.04,685,1,0,1.0
101016,Customer_101016,Female,42,UK,8,51932.76,695,1,1,1.0
101017,Customer_101017,Female,39,Germany,15,40200.15,634,0,0,3.0
101018,Customer_101018,Male,49,Germany,3,63970.93,661,1,0,3.0
101019,Customer_101019,Female,62,UK,5,16000.0,786,1,0,1.0
101020,Customer_101020,Female,47,France,7,45748.85,666,1,0,2.0
101021,Customer_101021,Female,47,Spain,12,72153.08,658,0,0,4.0
101022,Customer_101022,Female,43,Germany,15,97435.58,663,1,1,3.0
101023,Customer_101023,Male,38,Spain,1,58384.6,639,1,0,4.0
101024,Customer_101024,Male,40,France,7,89645.86,622,1,0,2.0
101025,Customer_101025,Male,44,Germany,12,45317.39,671,1,0,3.0
101026,Customer_101026,Male,63,UK,0,42054.14,617,0,1,1.0
101027,Customer_101027,Male,39,Spain,12,53298.42,644,1,0,4.0
101028,Customer_101028,Male,43,UK,3,41939.67,596,0,0,1.0
101029,Customer_101029,Female,32,Germany,8,29535.97,663,0,1,3.0
101030,Customer_101030,Male,51,France,15,33308.46,699,1,0,2.0
101031,Customer_101031,Male,58,France,10,25462.35,639,0,0,2.0
101032,Customer_101032,Male,61,Germany,15,53273.52,504,0,1,3.0
101033,Customer_101033,Male,44,France,9,42215.86,699,1,0,2.0
101034,Customer_101034,Male,49,Spain,3,35713.93,664,1,0,4.0
101035,Customer_101035,Female,40,France,11,32546.24,581,1,0,2.0
101036,Customer_101036,Female,48,France,9,52717.37,713,0,0,2.0
101037,Customer_101037,Male,46,UK,4,59672.5,550,1,0,1.0
101038,Customer_101038,Female,43,France,1,25252.83,733,1,0,2.0
101039,Customer_101039,Male,44,France,10,23528.48,651,1,0,2.0
101040,Customer_101040,Male,47,UK,9,64534.44,485,1,0,1.0
101041,Customer_101041,Female,38,UK,12,22620.57,668,0,0,1.0
101042,Customer_101042,Female,39,Germany,2,53733.61,625,1,0,3.0
101043,Customer_101043,Female,62,Germany,8,86945.26,613,1,0,3.0
101044,Customer_101044,Male,75,Germany,13,87036.3,600,0,1,3.0
101045,Customer_101045,Male,28,UK,14,58540.12,645,0,1,1.0
101046,Customer_101046,Male,27,UK,15,57779.49,619,1,0,1.0
101047,Customer_101047,Male,31,UK,3,115703.16,516,0,0,1.0
101048,Customer_101048,Female,41,Germany,2,16000.0,750,0,1,3.0
101049,Customer_101049,Male,53,Spain,9,34080.27,637,0,0,4.0
101050,Customer_101050,Female,49,UK,7,61527.91,600,1,0,1.0
101051,Customer_101051,Female,44,Germany,3,36085.48,570,1,0,3.0
101052,Customer_101052,Female,48,UK,1,73374.02,713,0,0,1.0
101053,Customer_101053,Male,34,UK,2,41262.76,558,0,0,1.0
101054,Customer_101054,Male,39,UK,5,44565.25,665,1,0,1.0
101055,Customer_101055,Male,42,UK,11,37116.66,611,1,0,1.0
101056,Customer_101056,Female,23,Germany,1,33199.66,616,1,1,3.0
101057,Customer_101057,Male,28,Spain,1,32834.18,572,0,0,4.0
101058,Customer_101058,Female,29,UK,4,47450.85,608,0,1,1.0
101059,Customer_101059,Female,51,France,13,29639.72,656,1,0,2.0
101060,Customer_101060,Male,45,Germany,15,64496.56,673,1,0,3.0
101061,Customer_101061,Female,49,Spain,7,56352.2,596,1,1,4.0
101062,Customer_101062,Male,20,France,0,68882.83,648,0,0,2.0
101063,Customer_101063,Female,24,UK,0,25270.9,722,1,0,1.0
101064,Customer_101064,Male,50,France,13,19548.63,530,1,0,2.0
101065,Customer_101065,Female,18,UK,7,41920.96,655,1,0,1.0
101066,Customer_101066,Female,57,Spain,1,154799.37,584,0,0,4.0
101067,Customer_101067,Female,20,UK,13,74251.91,576,1,0,1.0
101068,Customer_101068,Male,52,Germany,8,32725.96,675,1,0,3.0
101069,Customer_101069,Female,31,UK,5,50840.85,614,1,0,1.0
101070,Customer_101070,Male,55,France,7,58269.79,564,0,1,2.0
101071,Customer_101071,Female,80,Spain,3,22689.33,754,1,0,4.0
101072,Customer_101072,Male,18,France,14,77789.1,724,1,0,2.0
101073,Customer_101073,Male,50,France,12,38951.95,510,1,0,2.0
101074,Customer_101074,Male,20,Spain,3,40320.63,544,1,0,4.0
101075,Customer_101075,Male,47,Spain,11,42451.94,700,0,0,4.0
101076,Customer_101076,Male,40,UK,2,70295.84,634,0,0,1.0
101077,Customer_101077,Female,44,France,7,29899.38,768,1,0,2.0
101078,Customer_101078,Male,31,France,11,19482.82,701,0,0,2.0
101079,Customer_101079,Female,51,France,0,48569.68,677,1,0,2.0
101080,Customer_101080,Male,25,UK,11,16743.72,578,0,1,1.0
101081,Customer_101081,Female,57,UK,3,36677.85,692,1,0,1.0
101082,Customer_101082,Female,37,Spain,11,71647.84,559,1,0,4.0
101083,Customer_101083,Male,25,Spain,7,54503.33,753,0,0,4.0
101084,Customer_101084,Female,61,Germany,0,67136.63,687,0,0,3.0
101085,Customer_101085,Female,41,Spain,12,55524.69,593,0,0,4.0
101086,Customer_101086,Female,65,Germany,4,124253.04,715,1,0,3.0
101087,Customer_101087,Male,57,Germany,15,32232.07,823,0,0,3.0
101088,Customer_101088,Male,32,Germany,13,50240.87,639,1,0,3.0
101089,Customer_101089,Female,41,France,3,34484.69,696,1,0,2.0
101090,Customer_101090,Male,43,France,9,64601.02,623,1,0,2.0
101091,Customer_101091,Female,60,UK,5,40852.21,661,1,0,1.0
101092,Customer_101092,Male,47,France,9,91026.42,542,1,0,2.0
101093,Customer_101093,Female,44,UK,8,33075.82,655,0,0,1.0
101094,Customer_101094,Male,40,UK,4,79112.95,658,1,0,1.0
101095,Customer_101095,Male,41,France,10,54848.92,790,1,0,2.0
101096,Customer_101096,Female,58,France,4,41390.95,520,1,0,2.0
101097,Customer_101097,Female,42,UK,14,53611.77,634,0,1,1.0
101098,Customer_101098,Female,37,Germany,15,47239.89,752,1,0,3.0
101099,Customer_101099,Female,35,Spain,2,49296.31,637,0,0,4.0
101100,Customer_101100,Male,35,UK,11,38266.61,642,1,0,1.0
101101,Customer_101101,Male,25,UK,14,30629.23,593,1,0,1.0
101102,Customer_101102,Male,33,UK,2,36121.48,585,0,0,1.0
101103,Customer_101103,Male,60,Germany,11,19692.83,518,1,0,3.0
101104,Customer_101104,Male,40,Germany,15,61347.01,608,0,1,3.0
101105,Customer_101105,Female,50,UK,3,24091.18,581,1,0,1.0
101106,Customer_101106,Male,18,Germany,9,38081.49,664,1,0,3.0
101107,Customer_101107,Male,49,UK,12,56220.97,596,1,0,1.0
101108,Customer_101108,Male,40,UK,5,61276.61,619,0,1,1.0
101109,Customer_101109,Male,36,Spain,3,18898.38,621,1,0,4.0
101110,Customer_101110,Male,44,UK,6,40299.46,651,1,0,1.0
101111,Customer_101111,Female,36,UK,5,51653.33,615,1,0,1.0
101112,Customer_101112,Male,18,France,11,42994.7,575,0,1,2.0
101113,Customer_101113,Female,53,France,5,76899.81,661,0,0,2.0
101114,Customer_101114,Female,45,Spain,6,29016.26,735,0,1,4.0
101115,Customer_101115,Female,38,Spain,15,16703.21,665,1,0,4.0
101116,Customer_101116,Female,30,UK,9,60480.22,609,1,0,1.0
101117,Customer_101117,Male,24,UK,14,32982.62,646,0,1,1.0
101118,Customer_101118,Male,45,Germany,11,19035.89,501,0,1,3.0
101119,Customer_101119,Male,61,UK,14,39108.47,645,0,0,1.0
101120,Customer_101120,Female,44,Spain,3,73070.21,625,0,0,4.0
101121,Customer_101121,Female,25,Germany,15,23788.59,585,0,1,3.0
101122,Customer_101122,Male,45,UK,15,120165.24,599,1,0,1.0
101123,Customer_101123,Male,41,Germany,0,28807.13,624,1,1,3.0
101124,Customer_101124,Female,52,UK,5,43677.12,729,0,0,1.0
101125,Customer_101125,Female,49,France,6,24265.61,737,1,0,2.0
101126,Customer_101126,Female,18,France,6,42793.84,585,1,0,2.0
101127,Customer_101127,Female,49,France,12,39546.73,616,1,0,2.0
101128,Customer_101128,Female,30,Germany,11,21485.91,618,1,0,3.0
101129,Customer_101129,Female,25,Germany,3,149798.6,716,0,0,3.0
101130,Customer_101130,Male,40,Spain,9,33608.13,666,0,0,4.0
101131,Customer_101131,Male,47,Spain,15,33621.36,662,1,0,4.0
101132,Customer_101132,Female,22,France,7,64957.67,695,1,0,2.0
101133,Customer_101133,Female,50,UK,14,95019.71,610,1,0,1.0
101134,Customer_101134,Male,51,Germany,10,69725.51,757,0,1,3.0
101135,Customer_101135,Female,43,Spain,14,24462.43,655,1,0,4.0
101136,Customer_101136,Male,32,UK,14,46243.86,591,1,0,1.0
101137,Customer_101137,Female,30,France,0,18012.25,638,1,0,2.0
101138,Customer_101138,Male,54,France,12,63019.04,747,1,0,2.0
101139,Customer_101139,Female,24,UK,3,20122.43,623,1,0,1.0
101140,Customer_101140,Female,55,Germany,13,29260.22,726,1,1,3.0
101141,Customer_101141,Male,40,UK,12,41939.54,608,1,0,1.0
101142,Customer_101142,Male,41,Germany,4,51311.89,598,1,0,3.0
101143,Customer_101143,Female,22,Germany,1,37346.87,704,1,0,3.0
101144,Customer_101144,Male,40,Germany,6,83200.83,589,1,0,3.0
101145,Customer_101145,Male,49,France,4,58155.91,717,1,0,2.0
101146,Customer_101146,Female,26,UK,8,56137.04,681,1,0,1.0
101147,Customer_101147,Male,48,Germany,1,24153.74,589,1,0,3.0
101148,Customer_101148,Male,43,Germany,0,90232.09,650,0,0,3.0
101149,Customer_101149,Male,34,France,6,29262.02,614,1,0,2.0
101150,Customer_101150,Female,52,Spain,12,91795.54,681,0,1,4.0
101151,Customer_101151,Male,18,UK,5,104340.27,797,1,0,1.0
101152,Customer_101152,Male,46,Spain,5,52897.97,627,1,0,4.0
101153,Customer_101153,Male,61,UK,2,66824.88,695,1,0,1.0
101154,Customer_101154,Male,59,UK,4,16000.0,657,1,0,1.0
101155,Customer_101155,Male,47,France,4,38471.53,657,1,0,2.0
101156,Customer_101156,Male,38,UK,4,68968.11,643,0,0,1.0
101157,Customer_101157,Male,34,UK,5,63669.09,591,1,0,1.0
101158,Customer_101158,Male,38,UK,4,24259.16,680,0,0,1.0
101159,Customer_101159,Female,49,France,10,36799.88,633,0,1,2.0
101160,Customer_101160,Male,32,Germany,5,16000.0,587,1,0,3.0
101161,Customer_101161,Male,51,UK,12,50577.98,731,0,1,1.0
101162,Customer_101162,Female,68,Germany,9,17996.4,662,1,0,3.0
101163,Customer_101163,Female,41,Germany,10,69852.41,638,1,0,3.0
101164,Customer_101164,Female,26,UK,9,71514.18,756,1,0,1.0
101165,Customer_101165,Male,26,UK,14,33926.78,517,0,1,1.0
101166,Customer_101166,Male,51,Spain,4,53103.55,750,1,0,4.0
101167,Customer_101167,Male,41,Germany,15,38090.89,589,1,1,3.0
101168,Customer_101168,Male,53,France,3,46830.2,671,1,0,2.0
101169,Customer_101169,Male,36,Germany,2,25063.26,611,1,0,3.0
101170,Customer_101170,Female,52,UK,13,55578.21,586,1,1,1.0
101171,Customer_101171,Male,40,UK,14,20068.2,754,1,0,1.0
101172,Customer_101172,Female,33,Germany,1,18434.08,794,0,0,3.0
101173,Customer_101173,Male,37,UK,9,39757.63,638,1,1,1.0
101174,Customer_101174,Male,28,Germany,8,38191.39,680,1,0,3.0
101175,Customer_101175,Female,66,France,3,47475.1,659,0,1,2.0
101176,Customer_101176,Female,41,Germany,8,31355.55,785,0,0,3.0
101177,Customer_101177,Male,50,France,10,98123.89,497,1,0,2.0
101178,Customer_101178,Female,36,UK,9,45147.81,683,1,0,1.0
101179,Customer_101179,Male,29,UK,8,46640.37,600,1,0,1.0
101180,Customer_101180,Male,39,UK,14,45898.15,478,0,1,1.0
101181,Customer_101181,Female,55,Germany,3,65955.42,628,1,0,3.0
101182,Customer_101182,Male,36,UK,9,54427.93,794,1,0,1.0
101183,Customer_101183,Male,32,UK,5,51242.93,606,1,1,1.0
101184,Customer_101184,Male,44,UK,15,58490.39,714,1,0,1.0
101185,Customer_101185,Male,48,UK,4,18478.23,745,1,0,1.0
101186,Customer_101186,Male,62,Germany,13,18794.95,654,0,0,3.0
101187,Customer_101187,Male,46,UK,10,40586.81,664,1,0,1.0
101188,Customer_101188,Female,50,Spain,3,38425.31,526,1,0,4.0
101189,Customer_101189,Female,51,UK,12,54520.9,601,0,0,1.0
101190,Customer_101190,Male,28,Germany,3,42380.03,723,1,0,3.0
101191,Customer_101191,Male,30,France,4,54571.34,660,1,0,2.0
101192,Customer_101192,Female,29,UK,5,23978.36,683,1,0,1.0
101193,Customer_101193,Male,26,Spain,10,41797.42,665,0,0,4.0
101194,Customer_101194,Female,52,Spain,6,22970.12,819,1,0,4.0
101195,Customer_101195,Female,45,Spain,9,49986.64,623,0,1,4.0
101196,Customer_101196,Male,43,UK,8,18037.29,775,1,0,1.0
101197,Customer_101197,Male,18,UK,3,49127.02,665,1,0,1.0
101198,Customer_101198,Male,67,Germany,3,21684.98,782,1,0,3.0
101199,Customer_101199,Male,31,UK,4,35342.36,563,1,0,1.0
101200,Customer_101200,Male,67,Germany,3,62827.14,669,1,0,3.0
101201,Customer_101201,Female,25,France,14,46525.04,625,0,0,2.0
101202,Customer_101202,Male,32,France,6,20027.82,665,1,0,2.0
101203,Customer_101203,Female,18,Germany,6,31034.28,747,1,0,3.0
101204,Customer_101204,Female,46,Germany,10,21371.31,683,0,0,3.0
101205,Customer_101205,Male,29,UK,12,19590.18,747,1,0,1.0
101206,Customer_101206,Male,29,UK,11,44283.76,605,1,0,1.0
101207,Customer_101207,Male,26,France,8,54044.29,593,1,0,2.0
101208,Customer_101208,Female,51,France,15,51210.38,656,1,0,2.0
101209,Customer_101209,Male,51,UK,14,55083.58,652,0,0,1.0
101210,Customer_101210,Female,64,France,3,41775.49,641,0,0,2.0
101211,Customer_101211,Female,34,Germany,2,37138.12,583,1,0,3.0
101212,Customer_101212,Female,45,Germany,6,25914.13,745,0,0,3.0
101213,Customer_101213,Female,27,France,13,34454.3,628,1,1,2.0
101214,Customer_101214,Female,38,UK,15,23174.74,762,0,0,1.0
101215,Customer_101215,Female,36,UK,11,28712.86,656,0,1,1.0
101216,Customer_101216,Female,48,France,11,43714.8,704,1,0,2.0
101217,Customer_101217,Female,54,UK,3,39831.45,697,1,0,1.0
101218,Customer_101218,Female,54,France,9,166800.29,593,0,0,2.0
101219,Customer_101219,Female,32,Germany,2,22921.19,683,1,0,3.0
101220,Customer_101220,Male,54,UK,8,39700.95,800,1,0,1.0
101221,Customer_101221,Female,41,UK,3,22131.24,674,1,0,1.0
101222,Customer_101222,Male,38,UK,1,35274.7,723,1,1,1.0
101223,Customer_101223,Female,33,Spain,15,35926.59,707,1,0,4.0
101224,Customer_101224,Male,35,France,14,61427.99,678,1,0,2.0
101225,Customer_101225,Female,63,UK,10,34305.98,669,0,1,1.0
101226,Customer_101226,Female,46,Spain,10,38535.34,696,1,0,4.0
101227,Customer_101227,Female,44,France,3,34605.98,712,1,0,2.0
101228,Customer_101228,Male,39,France,9,22358.27,554,1,0,2.0
101229,Customer_101229,Female,71,Spain,11,31318.96,674,1,0,4.0
101230,Customer_101230,Female,58,UK,8,35367.67,641,1,0,1.0
101231,Customer_101231,Female,33,UK,4,43418.75,626,1,0,1.0
101232,Customer_101232,Female,39,France,6,54011.44,752,1,0,2.0
101233,Customer_101233,Female,39,UK,13,37792.14,600,1,0,1.0
101234,Customer_101234,Female,44,Germany,4,37494.35,550,0,0,3.0
101235,Customer_101235,Male,34,UK,15,19361.83,715,1,0,1.0
101236,Customer_101236,Female,47,UK,12,53546.48,548,0,1,1.0
101237,Customer_101237,Male,59,UK,14,30707.77,510,1,0,1.0
101238,Customer_101238,Female,26,France,8,58784.32,723,0,0,2.0
101239,Customer_101239,Female,28,UK,3,75949.42,667,1,0,1.0
101240,Customer_101240,Male,36,UK,0,38594.43,690,1,0,1.0
101241,Customer_101241,Male,37,Spain,8,26500.92,622,1,0,4.0
101242,Customer_101242,Male,66,UK,6,41685.58,551,1,0,1.0
101243,Customer_101243,Female,54,UK,1,49135.68,566,1,0,1.0
101244,Customer_101244,Male,53,UK,14,36440.68,635,0,0,1.0
101245,Customer_101245,Male,39,UK,15,32585.01,560,0,0,1.0
101246,Customer_101246,Female,39,UK,5,54122.99,678,1,0,1.0
101247,Customer_101247,Male,25,France,10,52540.27,620,0,0,2.0
101248,Customer_101248,Female,51,UK,6,35939.58,669,1,0,1.0
101249,Customer_101249,Male,48,Spain,7,19952.21,667,1,0,4.0
101250,Customer_101250,Male,57,Spain,9,51575.14,684,0,0,4.0
101251,Customer_101251,Male,39,UK,6,29736.41,692,1,0,1.0
101252,Customer_101252,Male,40,UK,12,46252.85,629,1,0,1.0
101253,Customer_101253,Male,44,UK,3,44956.28,669,1,1,1.0
101254,Customer_101254,Female,53,France,10,17950.95,673,1,1,2.0
101255,Customer_101255,Male,24,UK,15,43560.74,473,1,0,1.0
101256,Customer_101256,Male,51,Spain,13,52942.65,703,1,0,4.0
101257,Customer_101257,Male,42,Germany,0,55946.07,666,1,0,3.0
101258,Customer_101258,Male,29,Germany,1,44277.83,697,1,0,3.0
101259,Customer_101259,Female,18,France,10,17252.13,558,0,0,2.0
101260,Customer_101260,Male,40,Spain,14,74616.08,631,1,0,4.0
101261,Customer_101261,Female,59,UK,13,50533.16,573,1,0,1.0
101262,Customer_101262,Male,62,France,14,24438.89,711,1,0,2.0
101263,Customer_101263,Male,46,UK,2,29464.21,550,1,0,1.0
101264,Customer_101264,Male,66,Spain,8,46605.59,585,1,0,4.0
101265,Customer_101265,Male,41,France,11,57029.72,695,1,0,2.0
101266,Customer_101266,Female,53,Germany,9,33719.84,608,0,1,3.0
101267,Customer_101267,Male,37,UK,12,60895.3,585,1,0,1.0
101268,Customer_101268,Male,36,Spain,3,18744.95,723,1,0,4.0
101269,Customer_101269,Female,34,France,7,26273.56,726,1,0,2.0
101270,Customer_101270,Female,18,France,7,16588.44,709,0,0,2.0
101271,Customer_101271,Female,57,Spain,15,28045.76,719,1,0,4.0
101272,Customer_101272,Female,34,UK,3,82789.76,638,0,0,1.0
101273,Customer_101273,Female,32,UK,5,106025.61,640,0,0,1.0
101274,Customer_101274,Female,28,France,0,46676.24,606,1,0,2.0
101275,Customer_101275,Female,40,UK,2,31512.25,668,1,0,1.0
101276,Customer_101276,Male,63,UK,15,38013.13,615,0,0,1.0
101277,Customer_101277,Female,67,UK,13,51970.31,623,1,0,1.0
101278,Customer_101278,Male,22,UK,4,20787.01,700,1,0,1.0
101279,Customer_101279,Female,38,Spain,11,32461.18,744,1,0,4.0
101280,Customer_101280,Female,30,France,9,80107.66,685,0,0,2.0
101281,Customer_101281,Male,54,UK,14,26235.15,790,1,0,1.0
101282,Customer_101282,Female,45,France,4,29982.34,602,1,0,2.0
101283,Customer_101283,Female,34,France,15,42250.1,517,1,0,2.0
101284,Customer_101284,Male,43,France,5,47707.26,709,1,1,2.0
101285,Customer_101285,Female,36,Spain,11,31703.21,597,1,0,4.0
101286,Customer_101286,Female,61,Spain,6,43480.11,634,1,0,4.0
101287,Customer_101287,Female,49,UK,10,55215.43,522,1,0,1.0
101288,Customer_101288,Male,50,UK,5,101526.81,588,1,0,1.0
101289,Customer_101289,Male,18,France,13,39680.49,542,1,0,2.0
101290,Customer_101290,Female,41,France,10,41226.69,622,0,0,2.0
101291,Customer_101291,Male,67,France,4,83514.74,625,1,0,2.0
101292,Customer_101292,Male,58,Germany,15,32803.82,662,0,0,3.0
101293,Customer_101293,Male,20,France,11,23143.43,748,1,0,2.0
101294,Customer_101294,Male,38,UK,6,47006.3,706,0,1,1.0
101295,Customer_101295,Female,28,UK,2,68166.17,533,1,0,1.0
101296,Customer_101296,Female,63,UK,15,49409.41,701,1,0,1.0
101297,Customer_101297,Female,45,UK,12,40205.85,663,1,0,1.0
101298,Customer_101298,Female,33,UK,10,21886.99,648,0,0,1.0
101299,Customer_101299,Male,42,Germany,13,40911.18,653,1,0,3.0
101300,Customer_101300,Male,18,UK,9,73155.65,670,1,0,1.0
101301,Customer_101301,Male,29,UK,3,24102.53,603,0,0,1.0
101302,Customer_101302,Male,42,France,3,37619.91,641,1,0,2.0
101303,Customer_101303,Male,52,Germany,1,35279.48,744,1,0,3.0
101304,Customer_101304,Male,19,UK,1,30682.81,602,0,0,1.0
101305,Customer_101305,Male,37,Germany,11,46957.13,578,1,0,3.0
101306,Customer_101306,Male,54,Spain,13,51272.62,650,0,0,4.0
101307,Customer_101307,Female,25,France,2,51031.43,570,0,0,2.0
101308,Customer_101308,Female,45,Germany,9,27061.32,526,0,0,3.0
101309,Customer_101309,Female,43,UK,1,20024.91,629,0,0,1.0
101310,Customer_101310,Female,63,Spain,6,47263.79,764,1,0,4.0
101311,Customer_101311,Female,39,UK,12,33448.47,652,1,0,1.0
101312,Customer_101312,Male,40,Spain,12,96053.97,668,1,0,4.0
101313,Customer_101313,Female,52,France,15,98071.71,495,0,0,2.0
101314,Customer_101314,Male,26,UK,4,102871.44,688,1,0,1.0
101315,Customer_101315,Male,39,UK,15,27511.93,662,0,0,1.0
101316,Customer_101316,Male,37,Germany,12,54265.34,605,1,0,3.0
101317,Customer_101317,Male,40,France,5,62152.95,669,1,0,2.0
101318,Customer_101318,Male,52,UK,5,59082.16,668,1,0,1.0
101319,Customer_101319,Female,49,Germany,1,35808.69,576,0,0,3.0
101320,Customer_101320,Female,33,Spain,14,74686.09,680,1,0,4.0
101321,Customer_101321,Female,44,France,3,42008.98,745,1,0,2.0
101322,Customer_101322,Female,60,France,4,44492.35,638,1,1,2.0
101323,Customer_101323,Female,32,UK,6,21023.58,590,1,0,1.0
101324,Customer_101324,Male,44,Germany,2,56138.05,642,0,0,3.0
101325,Customer_101325,Female,40,UK,12,37355.66,719,1,0,1.0
101326,Customer_101326,Female,41,Spain,11,51770.48,563,1,0,4.0
101327,Customer_101327,Male,22,UK,2,46687.23,698,1,0,1.0
101328,Customer_101328,Male,59,France,2,45562.78,604,1,0,2.0
101329,Customer_101329,Female,33,UK,0,41144.84,673,1,0,1.0
101330,Customer_101330,Female,54,UK,15,59837.92,613,1,0,1.0
101331,Customer_101331,Male,35,Germany,6,38404.24,612,1,0,3.0
101332,Customer_101332,Female,34,France,10,21820.08,769,1,0,2.0
101333,Customer_101333,Male,57,France,2,54255.24,549,1,0,2.0
101334,Customer_101334,Male,54,Spain,3,29183.9,691,0,0,4.0
101335,Customer_101335,Male,45,Spain,8,23144.38,785,1,0,4.0
101336,Customer_101336,Male,51,Spain,3,26513.66,706,1,0,4.0
101337,Customer_101337,Female,39,UK,9,47711.34,555,1,0,1.0
101338,Customer_101338,Male,42,France,14,40214.84,559,0,1,2.0
101339,Customer_101339,Female,34,Spain,4,16086.21,599,1,0,4.0
101340,Customer_101340,Male,53,UK,9,35340.32,667,0,0,1.0
101341,Customer_101341,Female,34,UK,14,71081.26,672,0,1,1.0
101342,Customer_101342,Female,60,Germany,14,34280.84,560,0,1,3.0
101343,Customer_101343,Female,38,France,0,38986.1,590,0,1,2.0
101344,Customer_101344,Female,42,France,1,67155.83,594,1,0,2.0
101345,Customer_101345,Female,51,Spain,15,60077.76,641,0,0,4.0
101346,Customer_101346,Male,42,France,14,66517.0,804,0,0,2.0
101347,Customer_101347,Female,38,France,5,16000.0,585,1,0,2.0
101348,Customer_101348,Female,42,UK,8,91629.66,582,1,0,1.0
101349,Customer_101349,Male,53,France,9,55927.14,570,0,0,2.0
101350,Customer_101350,Male,34,UK,10,127145.74,703,1,0,1.0
101351,Customer_101351,Male,40,Germany,12,29536.39,652,0,0,3.0
101352,Customer_101352,Male,42,Germany,5,18993.88,588,1,1,3.0
101353,Customer_101353,Male,52,UK,14,42136.65,628,0,0,1.0
101354,Customer_101354,Male,41,UK,0,37105.01,596,1,1,1.0
101355,Customer_101355,Female,64,Spain,0,56363.31,677,0,0,4.0
101356,Customer_101356,Male,40,UK,15,68127.94,850,1,0,1.0
101357,Customer_101357,Female,39,France,2,40382.13,696,0,0,2.0
101358,Customer_101358,Male,40,France,15,37688.35,648,1,0,2.0
101359,Customer_101359,Female,26,Germany,4,53138.07,605,1,0,3.0
101360,Customer_101360,Male,30,UK,5,37424.36,554,1,0,1.0
101361,Customer_101361,Male,36,Germany,0,36041.74,710,1,1,3.0
101362,Customer_101362,Male,56,UK,15,66979.08,706,0,0,1.0
101363,Customer_101363,Female,42,France,5,74037.35,620,1,0,2.0
101364,Customer_101364,Male,36,UK,2,68405.58,746,1,0,1.0
101365,Customer_101365,Female,57,France,7,38937.83,657,0,0,2.0
101366,Customer_101366,Male,61,France,2,16034.85,713,1,0,2.0
101367,Customer_101367,Female,57,UK,12,39290.27,677,1,0,1.0
101368,Customer_101368,Male,32,UK,1,,642,1,0,1.0
101369,Customer_101369,Female,36,UK,7,39618.39,583,1,0,1.0
101370,Customer_101370,Male,64,UK,6,31052.48,644,0,0,1.0
101371,Customer_101371,Male,45,UK,0,41609.84,718,1,0,1.0
101372,Customer_101372,Male,39,Spain,0,26311.22,617,1,0,4.0
101373,Customer_101373,Male,51,France,8,23602.36,688,1,0,2.0
101374,Customer_101374,Male,54,Germany,6,72812.0,574,0,0,3.0
101375,Customer_101375,Female,35,Spain,2,27148.55,714,1,0,4.0
101376,Customer_101376,Male,45,UK,2,42006.27,678,0,0,1.0
101377,Customer_101377,Male,53,Germany,12,64534.59,565,1,0,3.0
101378,Customer_101378,Female,28,Spain,11,63377.35,638,1,0,4.0
101379,Customer_101379,Male,42,France,9,60060.44,725,1,0,2.0
101380,Customer_101380,Male,29,France,13,48132.59,561,1,0,2.0
101381,Customer_101381,Female,30,France,1,58175.9,575,1,0,2.0
101382,Customer_101382,Female,35,UK,11,77910.39,650,1,0,1.0
101383,Customer_101383,Female,48,France,12,50852.53,815,1,0,2.0
101384,Customer_101384,Male,38,Spain,3,18373.85,605,1,0,4.0
101385,Customer_101385,Female,34,Spain,8,33109.81,692,1,0,4.0
101386,Customer_101386,Male,43,UK,12,57456.96,675,1,0,1.0
101387,Customer_101387,Female,28,Germany,9,31673.38,611,0,0,3.0
101388,Customer_101388,Female,47,UK,3,87070.43,667,1,0,1.0
101389,Customer_101389,Female,56,Spain,10,40822.72,621,1,0,4.0
101390,Customer_101390,Male,41,UK,12,43642.51,628,1,0,1.0
101391,Customer_101391,Male,40,Spain,0,69672.42,530,1,0,4.0
101392,Customer_101392,Female,46,Germany,9,38682.49,653,1,0,3.0
101393,Customer_101393,Male,18,UK,8,45467.34,722,0,0,1.0
101394,Customer_101394,Female,48,UK,5,62945.87,659,1,0,1.0
101395,Customer_101395,Female,79,Germany,0,21653.08,737,1,0,3.0
101396,Customer_101396,Female,41,UK,1,36939.65,699,1,0,1.0
101397,Customer_101397,Male,41,France,12,60994.8,651,1,0,2.0
101398,Customer_101398,Male,51,Spain,13,43258.32,608,1,0,4.0
101399,Customer_101399,Male,62,France,6,81285.68,619,1,1,2.0
101400,Customer_101400,Male,54,UK,15,20666.29,545,1,0,1.0
101401,Customer_101401,Male,18,France,14,19632.16,635,0,0,2.0
101402,Customer_101402,Female,49,UK,10,59384.22,666,1,0,1.0
101403,Customer_101403,Female,73,Spain,9,62009.21,784,1,0,4.0
101404,Customer_101404,Female,49,UK,15,38501.88,695,0,0,1.0
101405,Customer_101405,Male,28,UK,9,50292.05,590,1,0,1.0
101406,Customer_101406,Female,45,UK,14,58733.65,547,1,0,1.0
101407,Customer_101407,Female,27,Spain,15,29120.17,640,1,0,4.0
101408,Customer_101408,Female,57,UK,3,30556.82,716,0,0,1.0
101409,Customer_101409,Female,31,Spain,10,45743.35,638,1,0,4.0
101410,Customer_101410,Female,43,Germany,11,63086.68,696,1,1,3.0
101411,Customer_101411,Male,32,Germany,13,24853.26,641,1,1,3.0
101412,Customer_101412,Male,35,Spain,5,38420.58,709,1,0,4.0
101413,Customer_101413,Female,60,Germany,13,37628.55,535,1,0,3.0
101414,Customer_101414,Male,43,Spain,7,50691.14,775,1,0,4.0
101415,Customer_101415,Male,35,UK,6,41835.92,572,0,1,1.0
101416,Customer_101416,Male,28,Germany,2,32852.31,715,1,0,3.0
101417,Customer_101417,Male,20,France,5,73664.74,635,1,0,2.0
101418,Customer_101418,Female,27,France,15,32950.41,646,1,0,2.0
101419,Customer_101419,Female,43,Spain,11,36826.82,637,1,0,4.0
101420,Customer_101420,Male,54,Spain,11,20521.96,674,1,0,4.0
101421,Customer_101421,Male,35,Germany,14,30463.77,689,1,1,3.0
101422,Customer_101422,Female,61,France,4,52979.44,734,1,0,2.0
101423,Customer_101423,Male,33,France,10,48518.27,761,0,0,2.0
101424,Customer_101424,Female,39,UK,5,55006.55,680,1,0,1.0
101425,Customer_101425,Male,29,UK,13,53818.2,784,1,1,1.0
101426,Customer_101426,Female,54,UK,6,107462.39,662,0,0,1.0
101427,Customer_101427,Female,67,UK,13,29998.07,736,1,0,1.0
101428,Customer_101428,Female,21,UK,11,20265.68,687,0,0,1.0
101429,Customer_101429,Male,38,Germany,12,26178.04,614,0,0,3.0
101430,Customer_101430,Female,57,France,14,30600.8,669,1,0,2.0
101431,Customer_101431,Female,25,Spain,12,27091.57,693,1,0,4.0
101432,Customer_101432,Female,49,France,5,43808.02,653,1,0,2.0
101433,Customer_101433,Male,57,UK,8,73800.41,686,0,0,1.0
101434,Customer_101434,Male,43,UK,7,,720,1,0,1.0
101435,Customer_101435,Male,49,UK,1,52699.63,653,0,0,1.0
101436,Customer_101436,Male,63,Spain,9,110083.82,434,1,0,4.0
101437,Customer_101437,Male,65,UK,6,35776.88,781,1,0,1.0
101438,Customer_101438,Female,41,France,6,20146.61,633,1,1,2.0
101439,Customer_101439,Male,36,Spain,1,67464.38,593,0,1,4.0
101440,Customer_101440,Male,31,Spain,8,18362.35,571,1,0,4.0
101441,Customer_101441,Male,54,UK,9,29901.79,630,1,0,1.0
101442,Customer_101442,Male,26,UK,1,53075.75,613,0,0,1.0
101443,Customer_101443,Male,39,UK,10,40108.89,600,1,0,1.0
101444,Customer_101444,Female,43,UK,2,38541.7,604,1,0,1.0
101445,Customer_101445,Male,36,UK,2,24687.92,695,0,0,1.0
101446,Customer_101446,Female,45,France,6,41796.33,807,0,1,2.0
101447,Customer_101447,Male,73,Spain,6,65977.76,717,1,0,4.0
101448,Customer_101448,Male,41,France,14,42379.09,739,1,0,2.0
101449,Customer_101449,Female,37,France,1,28906.54,627,1,0,2.0
101450,Customer_101450,Male,54,UK,5,23957.4,663,1,0,1.0
101451,Customer_101451,Male,45,Germany,11,29176.16,687,1,0,3.0
101452,Customer_101452,Female,59,France,3,50109.96,606,1,0,2.0
101453,Customer_101453,Female,44,Spain,15,49023.05,623,1,0,4.0
101454,Customer_101454,Female,39,Spain,11,29295.72,719,1,0,4.0
101455,Customer_101455,Male,21,UK,15,16000.0,737,0,0,1.0
101456,Customer_101456,Female,23,UK,15,50738.01,660,1,0,1.0
101457,Customer_101457,Female,20,UK,1,28041.94,565,1,0,1.0
101458,Customer_101458,Female,47,France,7,57268.33,633,0,0,2.0
101459,Customer_101459,Male,26,Spain,11,29886.9,547,0,0,4.0
101460,Customer_101460,Male,57,UK,0,26926.59,661,1,0,1.0
101461,Customer_101461,Male,42,Germany,7,44997.05,674,0,0,3.0
101462,Customer_101462,Male,39,France,11,121344.58,635,1,0,2.0
101463,Customer_101463,Female,32,UK,12,58834.78,673,1,0,1.0
101464,Customer_101464,Male,49,UK,6,44655.09,686,1,0,1.0
101465,Customer_101465,Male,32,Germany,13,49360.61,674,1,0,3.0
101466,Customer_101466,Male,30,Germany,10,19099.6,565,1,0,3.0
101467,Customer_101467,Male,56,France,0,25345.89,636,1,0,2.0
101468,Customer_101468,Male,46,UK,4,16000.0,686,0,1,1.0
101469,Customer_101469,Male,39,Germany,15,91479.31,773,1,0,3.0
101470,Customer_101470,Male,50,UK,0,83512.25,635,1,0,1.0
101471,Customer_101471,Female,42,Spain,1,50120.89,696,1,0,4.0
101472,Customer_101472,Male,47,UK,5,44632.91,721,1,0,1.0
101473,Customer_101473,Female,32,UK,15,20893.83,640,0,0,1.0
101474,Customer_101474,Male,67,France,11,38053.18,741,1,0,2.0
101475,Customer_101475,Male,35,France,2,94089.45,745,0,0,2.0
101476,Customer_101476,Male,61,France,6,44558.67,759,0,0,2.0
101477,Customer_101477,Male,40,France,15,32576.09,689,1,0,2.0
101478,Customer_101478,Male,52,Spain,3,19039.92,832,1,0,4.0
101479,Customer_101479,Male,51,France,9,78163.84,609,1,0,2.0
101480,Customer_101480,Female,56,France,7,40696.09,814,0,0,2.0
101481,Customer_101481,Male,32,France,12,19051.38,713,1,0,2.0
101482,Customer_101482,Male,55,UK,12,27708.8,756,1,0,1.0
101483,Customer_101483,Female,64,France,13,23636.15,631,1,0,2.0
101484,Customer_101484,Male,39,UK,1,39582.42,718,1,0,1.0
101485,Customer_101485,Male,42,France,7,46107.34,762,1,0,2.0
101486,Customer_101486,Male,36,UK,11,33489.16,573,1,0,1.0
101487,Customer_101487,Male,38,Spain,6,59581.23,643,1,0,4.0
101488,Customer_101488,Male,63,France,10,43516.08,494,1,0,2.0
101489,Customer_101489,Female,30,Spain,10,67742.26,642,0,0,4.0
101490,Customer_101490,Female,31,France,5,35763.66,594,0,0,2.0
101491,Customer_101491,Female,61,UK,1,165350.28,639,1,0,1.0
101492,Customer_101492,Male,49,Germany,15,32578.41,850,1,0,3.0
101493,Customer_101493,Male,67,France,13,27971.08,784,0,0,2.0
101494,Customer_101494,Male,37,Germany,14,26465.3,547,1,0,3.0
101495,Customer_101495,Male,44,France,4,38196.59,697,0,1,2.0
101496,Customer_101496,Male,34,France,5,19372.96,715,0,0,2.0
101497,Customer_101497,Male,44,Spain,5,47953.07,630,1,0,4.0
101498,Customer_101498,Male,21,France,0,17819.31,668,1,0,2.0
101499,Customer_101499,Male,50,UK,2,45169.48,676,1,0,1.0
101500,Customer_101500,Male,46,Germany,4,22864.98,554,1,0,3.0
101501,Customer_101501,Female,41,Germany,15,35377.91,578,0,0,3.0
101502,Customer_101502,Male,37,Spain,3,55131.03,668,1,0,4.0
101503,Customer_101503,Female,31,UK,8,118449.48,662,1,0,1.0
101504,Customer_101504,Male,51,France,8,25856.69,602,0,1,2.0
101505,Customer_101505,Female,28,Germany,5,39252.96,595,1,1,3.0
101506,Customer_101506,Male,48,France,14,30325.17,648,1,0,2.0
101507,Customer_101507,Male,67,Germany,1,28395.42,721,0,0,3.0
101508,Customer_101508,Male,60,France,13,30445.3,649,1,0,2.0
101509,Customer_101509,Male,24,UK,11,60855.34,777,1,0,1.0
101510,Customer_101510,Female,36,Germany,4,33718.43,603,1,0,3.0
101511,Customer_101511,Male,47,UK,12,115568.14,669,0,0,1.0
101512,Customer_101512,Male,41,UK,6,50646.0,628,1,0,1.0
101513,Customer_101513,Female,25,France,15,26660.01,699,1,0,2.0
101514,Customer_101514,Male,47,Germany,0,35610.92,596,1,0,3.0
101515,Customer_101515,Female,42,Spain,0,29278.06,800,0,1,4.0
101516,Customer_101516,Female,65,UK,8,60201.7,528,1,0,1.0
101517,Customer_101517,Male,39,UK,14,20089.93,784,1,0,1.0
101518,Customer_101518,Male,56,Spain,1,22971.21,662,0,1,4.0
101519,Customer_101519,Male,27,UK,12,32184.14,696,1,0,1.0
101520,Customer_101520,Female,30,UK,15,57110.94,755,1,0,1.0
101521,Customer_101521,Male,51,UK,7,73152.53,719,1,0,1.0
101522,Customer_101522,Male,55,France,13,78172.16,600,1,0,2.0
101523,Customer_101523,Male,31,Spain,12,53307.67,700,1,0,4.0
101524,Customer_101524,Female,42,Germany,3,40462.25,795,1,0,3.0
101525,Customer_101525,Female,25,Germany,13,60054.42,588,0,0,3.0
101526,Customer_101526,Female,40,UK,11,25094.39,814,1,0,1.0
101527,Customer_101527,Female,52,UK,0,18312.32,684,0,0,1.0
101528,Customer_101528,Female,37,France,9,51119.01,623,1,0,2.0
101529,Customer_101529,Male,39,UK,10,26712.04,588,0,0,1.0
101530,Customer_101530,Female,28,UK,12,40783.66,638,1,0,1.0
101531,Customer_101531,Male,34,UK,12,44322.91,508,1,0,1.0
101532,Customer_101532,Male,63,UK,7,46961.28,624,1,1,1.0
101533,Customer_101533,Female,43,France,4,64050.75,635,1,0,2.0
101534,Customer_101534,Female,30,Germany,3,61075.05,574,1,0,3.0
101535,Customer_101535,Male,38,UK,1,45852.04,711,1,0,1.0
101536,Customer_101536,Male,23,France,10,34424.3,639,0,0,2.0
101537,Customer_101537,Male,30,Germany,15,44086.89,607,1,0,3.0
101538,Customer_101538,Female,58,Germany,1,32116.66,631,1,0,3.0
101539,Customer_101539,Male,40,Germany,11,38446.84,682,1,0,3.0
101540,Customer_101540,Female,65,France,9,136434.91,660,0,0,2.0
101541,Customer_101541,Male,41,Germany,2,45588.48,602,1,0,3.0
101542,Customer_101542,Female,42,UK,3,51432.99,664,1,0,1.0
101543,Customer_101543,Male,50,UK,4,30575.63,651,1,0,1.0
101544,Customer_101544,Female,18,UK,10,66466.81,570,1,0,1.0
101545,Customer_101545,Male,44,France,4,59133.18,633,1,0,2.0
101546,Customer_101546,Male,41,UK,13,59321.88,698,1,0,1.0
101547,Customer_101547,Male,60,UK,5,46264.3,698,1,0,1.0
101548,Customer_101548,Male,54,Germany,1,66890.38,638,0,0,3.0
101549,Customer_101549,Male,28,UK,1,74435.13,706,1,1,1.0
101550,Customer_101550,Female,57,UK,6,47706.33,582,1,0,1.0
101551,Customer_101551,Female,39,UK,6,39888.74,584,1,0,1.0
101552,Customer_101552,Female,31,France,11,62817.05,636,0,0,2.0
101553,Customer_101553,Female,44,UK,7,27961.07,767,1,1,1.0
101554,Customer_101554,Male,40,UK,2,30404.4,667,1,0,1.0
101555,Customer_101555,Female,60,UK,3,41004.61,634,0,0,1.0
101556,Customer_101556,Female,46,Germany,9,19183.66,771,1,0,3.0
101557,Customer_101557,Male,44,Spain,5,60952.05,633,1,0,4.0
101558,Customer_101558,Female,53,France,10,27231.06,823,1,0,2.0
101559,Customer_101559,Male,55,France,14,33970.71,617,0,0,2.0
101560,Customer_101560,Female,51,Spain,5,38156.41,579,1,0,4.0
101561,Customer_101561,Female,59,Spain,8,42749.12,643,1,0,4.0
101562,Customer_101562,Female,49,France,13,35982.25,636,1,0,2.0
101563,Customer_101563,Male,44,Spain,3,40745.8,594,1,0,4.0
101564,Customer_101564,Female,57,Spain,8,40888.02,850,0,0,4.0
101565,Customer_101565,Male,41,Germany,4,34346.69,679,1,0,3.0
101566,Customer_101566,Female,42,France,10,29658.01,690,0,0,2.0
101567,Customer_101567,Male,63,UK,11,68328.91,620,1,0,1.0
101568,Customer_101568,Female,61,UK,2,16292.21,612,0,0,1.0
101569,Customer_101569,Female,42,France,2,38286.52,732,0,0,2.0
101570,Customer_101570,Male,37,France,0,34010.35,529,0,0,2.0
101571,Customer_101571,Male,60,France,0,50710.13,569,1,1,2.0
101572,Customer_101572,Female,52,France,0,21828.97,636,1,0,2.0
101573,Customer_101573,Male,46,France,11,33540.92,756,1,0,2.0
101574,Customer_101574,Male,38,Germany,14,40109.28,627,1,0,3.0
101575,Customer_101575,Male,46,UK,6,67979.27,686,0,0,1.0
101576,Customer_101576,Male,42,UK,14,48771.83,657,1,1,1.0
101577,Customer_101577,Female,34,Germany,11,24657.96,752,1,1,3.0
101578,Customer_101578,Female,44,Germany,12,33727.22,536,1,0,3.0
101579,Customer_101579,Male,45,Spain,11,62576.68,710,1,0,4.0
101580,Customer_101580,Male,37,Spain,3,24466.89,640,1,0,4.0
101581,Customer_101581,Male,53,Spain,8,40539.62,724,1,0,4.0
101582,Customer_101582,Male,57,UK,8,41827.98,594,0,0,1.0
101583,Customer_101583,Female,54,France,10,35306.51,657,1,0,2.0
101584,Customer_101584,Male,39,UK,12,141282.0,647,1,0,1.0
101585,Customer_101585,Female,51,France,1,34880.94,580,1,0,2.0
101586,Customer_101586,Female,43,Spain,10,51421.89,559,1,0,4.0
101587,Customer_101587,Female,27,UK,13,29750.15,611,1,0,1.0
101588,Customer_101588,Female,50,France,1,53258.44,665,1,0,2.0
101589,Customer_101589,Male,44,UK,6,62148.34,598,1,0,1.0
101590,Customer_101590,Male,73,UK,14,32236.06,630,0,1,1.0
101591,Customer_101591,Male,59,UK,0,40978.76,514,1,0,1.0
101592,Customer_101592,Female,51,UK,2,28072.59,627,1,0,1.0
101593,Customer_101593,Female,45,Spain,12,25095.48,732,0,0,4.0
101594,Customer_101594,Male,44,France,2,66968.85,708,0,0,2.0
101595,Customer_101595,Male,30,Germany,11,32732.52,648,1,0,3.0
101596,Customer_101596,Male,21,Germany,14,16000.0,673,0,0,3.0
101597,Customer_101597,Female,32,UK,7,92951.69,593,0,0,1.0
101598,Customer_101598,Female,41,UK,7,29274.79,777,1,1,1.0
101599,Customer_101599,Female,18,Germany,6,37592.39,810,1,0,3.0
101600,Customer_101600,Female,35,UK,5,87889.25,667,1,0,1.0
101601,Customer_101601,Male,39,Spain,6,39404.72,849,1,0,4.0
101602,Customer_101602,Female,39,UK,8,39023.66,604,0,0,1.0
101603,Customer_101603,Female,34,Germany,14,24167.09,561,1,1,3.0
101604,Customer_101604,Male,38,Germany,15,20125.64,602,1,0,3.0
101605,Customer_101605,Female,63,UK,13,38970.14,639,1,0,1.0
101606,Customer_101606,Male,50,UK,1,49448.61,828,1,0,1.0
101607,Customer_101607,Female,35,Spain,4,48190.22,634,0,0,4.0
101608,Customer_101608,Female,41,UK,12,33821.68,591,1,1,1.0
101609,Customer_101609,Female,42,France,8,42384.62,588,1,1,2.0
101610,Customer_101610,Male,33,France,5,18373.79,741,1,0,2.0
101611,Customer_101611,Male,33,UK,4,51663.15,730,1,0,1.0
101612,Customer_101612,Female,54,Germany,1,45164.09,619,0,0,3.0
101613,Customer_101613,Female,37,Germany,5,102086.15,514,0,0,3.0
101614,Customer_101614,Male,29,UK,6,42141.6,570,1,0,1.0
101615,Customer_101615,Female,41,Germany,6,27480.27,784,1,0,3.0
101616,Customer_101616,Male,43,UK,8,41052.19,707,1,1,1.0
101617,Customer_101617,Female,18,UK,4,36239.86,660,1,0,1.0
101618,Customer_101618,Female,42,France,3,51074.64,795,1,0,2.0
101619,Customer_101619,Male,52,Spain,14,42511.35,802,0,1,4.0
101620,Customer_101620,Male,47,UK,6,23824.0,652,1,0,1.0
101621,Customer_101621,Female,69,UK,4,20117.4,654,1,0,1.0
101622,Customer_101622,Female,57,France,10,47274.84,611,0,0,2.0
101623,Customer_101623,Female,59,Germany,8,78262.7,634,1,0,3.0
101624,Customer_101624,Male,76,UK,9,43526.77,544,0,1,1.0
101625,Customer_101625,Female,51,UK,3,60561.14,543,1,0,1.0
101626,Customer_101626,Male,44,Germany,11,66249.89,526,0,0,3.0
101627,Customer_101627,Male,54,UK,3,47357.54,736,1,0,1.0
101628,Customer_101628,Male,35,UK,13,29111.94,538,0,0,1.0
101629,Customer_101629,Female,43,UK,6,45858.39,801,1,0,1.0
101630,Customer_101630,Female,34,France,6,72302.05,600,1,0,2.0
101631,Customer_101631,Female,47,France,6,53309.81,785,1,0,2.0
101632,Customer_101632,Female,34,Spain,6,58814.01,628,1,0,4.0
101633,Customer_101633,Male,34,France,10,34107.72,538,1,0,2.0
101634,Customer_101634,Male,47,Germany,7,38344.47,751,0,0,3.0
101635,Customer_101635,Male,40,Spain,2,39814.94,760,1,0,4.0
101636,Customer_101636,Male,19,France,9,41040.83,587,0,0,2.0
101637,Customer_101637,Male,25,France,4,71040.55,630,1,0,2.0
101638,Customer_101638,Female,28,Spain,1,16000.0,587,1,0,4.0
101639,Customer_101639,Female,31,UK,13,42581.16,646,0,0,1.0
101640,Customer_101640,Female,47,Germany,5,40524.08,663,1,0,3.0
101641,Customer_101641,Male,45,Germany,9,22657.57,629,1,0,3.0
101642,Customer_101642,Female,55,UK,2,56824.35,519,1,0,1.0
101643,Customer_101643,Male,51,France,5,30315.06,611,1,0,2.0
101644,Customer_101644,Male,55,UK,6,35766.26,708,1,0,1.0
101645,Customer_101645,Male,49,UK,2,96507.57,639,1,0,1.0
101646,Customer_101646,Male,45,France,15,66165.41,630,1,0,2.0
101647,Customer_101647,Male,55,UK,4,54390.46,585,0,0,1.0
101648,Customer_101648,Female,53,Germany,9,49850.04,609,1,0,3.0
101649,Customer_101649,Male,47,Spain,9,39000.08,761,1,0,4.0
101650,Customer_101650,Male,57,Germany,6,103274.39,570,1,0,3.0
101651,Customer_101651,Male,18,UK,9,60258.59,709,1,0,1.0
101652,Customer_101652,Female,39,UK,9,29975.25,659,0,0,1.0
101653,Customer_101653,Male,38,UK,1,22367.83,673,1,0,1.0
101654,Customer_101654,Male,56,UK,10,54203.57,600,1,0,1.0
101655,Customer_101655,Female,61,Spain,1,40957.24,629,1,0,4.0
101656,Customer_101656,Male,25,France,6,22079.45,655,1,0,2.0
101657,Customer_101657,Female,59,UK,5,50934.14,616,1,0,1.0
101658,Customer_101658,Male,28,Germany,7,37211.11,680,1,0,3.0
101659,Customer_101659,Male,28,UK,1,53328.39,689,1,0,1.0
101660,Customer_101660,Male,39,UK,11,51236.53,818,1,0,1.0
101661,Customer_101661,Female,38,UK,6,31942.93,676,1,0,1.0
101662,Customer_101662,Male,23,France,0,55837.73,512,1,0,2.0
101663,Customer_101663,Female,50,Germany,0,33569.31,742,1,0,3.0
101664,Customer_101664,Male,50,UK,8,34566.08,640,1,0,1.0
101665,Customer_101665,Female,55,Spain,10,33054.16,806,1,0,4.0
101666,Customer_101666,Male,37,Spain,8,69868.03,765,1,0,4.0
101667,Customer_101667,Male,42,Germany,11,37018.29,617,1,0,3.0
101668,Customer_101668,Male,42,UK,12,77887.78,709,1,0,1.0
101669,Customer_101669,Female,62,UK,13,93713.08,610,1,1,1.0
101670,Customer_101670,Male,18,Spain,15,30121.7,655,1,0,4.0
101671,Customer_101671,Female,31,UK,14,16000.0,706,1,0,1.0
101672,Customer_101672,Female,42,France,12,67201.72,738,1,0,2.0
101673,Customer_101673,Female,29,Germany,6,36009.48,722,1,0,3.0
101674,Customer_101674,Male,39,UK,8,28442.53,661,1,0,1.0
101675,Customer_101675,Female,40,Germany,9,32225.13,841,1,0,3.0
101676,Customer_101676,Female,34,Spain,2,34848.27,628,1,0,4.0
101677,Customer_101677,Female,43,Germany,10,75294.46,534,1,0,3.0
101678,Customer_101678,Female,50,France,9,45133.72,549,0,1,2.0
101679,Customer_101679,Female,39,Spain,8,74835.25,766,0,0,4.0
101680,Customer_101680,Female,37,France,13,52460.93,649,1,0,2.0
101681,Customer_101681,Female,40,Germany,10,36543.96,667,1,0,3.0
101682,Customer_101682,Male,42,Germany,14,35233.91,614,1,0,3.0
101683,Customer_101683,Female,21,Germany,15,54076.17,621,0,0,3.0
101684,Customer_101684,Male,48,UK,13,60755.71,596,1,0,1.0
101685,Customer_101685,Female,37,UK,4,65774.11,690,1,0,1.0
101686,Customer_101686,Female,57,UK,3,37336.72,648,0,1,1.0
101687,Customer_101687,Male,49,France,4,45445.43,688,1,0,2.0
101688,Customer_101688,Male,56,France,11,54624.79,680,1,0,2.0
101689,Customer_101689,Male,30,France,13,35335.4,623,1,0,2.0
101690,Customer_101690,Male,38,UK,14,25202.59,546,1,0,1.0
101691,Customer_101691,Male,27,Germany,10,29219.83,539,0,0,3.0
101692,Customer_101692,Female,34,Spain,10,37682.8,850,1,0,4.0
101693,Customer_101693,Female,57,UK,15,56580.41,766,1,0,1.0
101694,Customer_101694,Female,60,Germany,10,74010.69,756,1,1,3.0
101695,Customer_101695,Male,28,Germany,2,22815.69,604,1,0,3.0
101696,Customer_101696,Male,37,France,8,32100.27,656,0,0,2.0
101697,Customer_101697,Male,41,UK,5,35752.9,594,0,0,1.0
101698,Customer_101698,Female,49,Germany,10,60056.89,557,0,1,3.0
101699,Customer_101699,Male,21,Spain,10,33116.11,611,1,0,4.0
101700,Customer_101700,Male,23,Germany,4,34615.1,754,1,0,3.0
101701,Customer_101701,Male,48,Spain,4,22248.46,718,1,0,4.0
101702,Customer_101702,Female,19,Spain,1,52206.29,582,1,0,4.0
101703,Customer_101703,Male,37,UK,4,39057.7,631,1,0,1.0
101704,Customer_101704,Female,44,France,13,31291.59,711,1,0,2.0
101705,Customer_101705,Female,47,France,10,37370.76,612,1,0,2.0
101706,Customer_101706,Female,40,Spain,15,69743.04,661,1,1,4.0
101707,Customer_101707,Male,38,UK,14,26721.55,685,0,0,1.0
101708,Customer_101708,Male,52,France,13,28758.2,684,1,0,2.0
101709,Customer_101709,Male,45,Spain,2,73787.05,674,1,0,4.0
101710,Customer_101710,Male,34,UK,5,43456.84,606,0,0,1.0
101711,Customer_101711,Female,42,Germany,0,56772.89,614,1,0,3.0
101712,Customer_101712,Male,47,UK,1,50322.79,570,1,0,1.0
101713,Customer_101713,Male,63,Spain,3,41337.46,538,0,0,4.0
101714,Customer_101714,Male,51,Spain,4,35907.1,646,0,1,4.0
101715,Customer_101715,Female,57,UK,0,61060.84,716,0,1,1.0
101716,Customer_101716,Male,35,Germany,13,70861.06,551,1,0,3.0
101717,Customer_101717,Female,36,UK,8,68412.42,675,1,0,1.0
101718,Customer_101718,Male,39,France,10,24635.97,714,1,0,2.0
101719,Customer_101719,Female,40,Germany,10,75556.41,517,1,0,3.0
101720,Customer_101720,Female,30,Germany,15,35751.73,635,0,0,3.0
101721,Customer_101721,Male,57,UK,2,29901.43,778,1,0,1.0
101722,Customer_101722,Male,53,UK,5,38918.59,696,0,0,1.0
101723,Customer_101723,Male,38,Germany,4,61049.04,515,0,0,3.0
101724,Customer_101724,Male,50,France,8,53564.07,704,1,0,2.0
101725,Customer_101725,Male,45,France,8,37440.23,599,0,0,2.0
101726,Customer_101726,Female,51,UK,12,61228.9,707,1,0,1.0
101727,Customer_101727,Female,26,UK,8,44728.32,603,1,0,1.0
101728,Customer_101728,Male,40,Spain,3,32454.28,651,0,1,4.0
101729,Customer_101729,Female,41,UK,9,30540.5,615,1,0,1.0
101730,Customer_101730,Male,49,UK,15,50515.25,655,0,0,1.0
101731,Customer_101731,Female,34,Spain,9,40469.02,612,1,0,4.0
101732,Customer_101732,Male,18,UK,9,22616.78,638,1,0,1.0
101733,Customer_101733,Female,29,Germany,2,61491.09,567,0,0,3.0
101734,Customer_101734,Female,41,UK,0,33836.69,692,1,0,1.0
101735,Customer_101735,Male,43,Spain,3,85980.75,668,1,0,4.0
101736,Customer_101736,Male,62,Germany,0,22338.78,534,1,0,3.0
101737,Customer_101737,Male,49,Spain,7,38719.79,729,1,0,4.0
101738,Customer_101738,Female,43,UK,14,30651.44,642,1,1,1.0
101739,Customer_101739,Female,42,France,7,27078.21,667,0,1,2.0
101740,Customer_101740,Female,55,Germany,10,33737.63,712,1,0,3.0
101741,Customer_101741,Female,35,UK,13,93169.93,680,1,0,1.0
101742,Customer_101742,Female,40,UK,12,44799.02,742,1,0,1.0
101743,Customer_101743,Male,29,UK,10,29411.95,633,1,0,1.0
101744,Customer_101744,Male,59,Spain,12,18444.88,733,1,0,4.0
101745,Customer_101745,Female,47,Germany,4,19357.05,664,1,0,3.0
101746,Customer_101746,Male,34,France,6,32991.87,693,0,0,2.0
101747,Customer_101747,Female,41,Germany,6,31579.56,685,1,0,3.0
101748,Customer_101748,Male,48,France,12,37971.91,748,1,0,2.0
101749,Customer_101749,Male,39,France,6,16000.0,709,0,0,2.0
101750,Customer_101750,Female,36,France,15,40302.48,622,1,0,2.0
101751,Customer_101751,Male,34,France,2,66696.2,607,1,0,2.0
101752,Customer_101752,Male,46,UK,2,87177.67,651,0,0,1.0
101753,Customer_101753,Male,38,Spain,11,17906.59,598,1,0,4.0
101754,Customer_101754,Female,37,Germany,12,29284.05,576,1,1,3.0
101755,Customer_101755,Female,26,UK,10,28595.93,495,1,0,1.0
101756,Customer_101756,Male,43,France,4,44846.44,539,0,0,2.0
101757,Customer_101757,Male,40,UK,0,24258.62,804,0,0,1.0
101758,Customer_101758,Male,38,Spain,5,89540.24,606,0,0,4.0
101759,Customer_101759,Female,44,Spain,7,42830.68,798,0,1,4.0
101760,Customer_101760,Male,51,Spain,6,39735.85,685,1,1,4.0
101761,Customer_101761,Female,50,UK,14,86003.74,651,1,0,1.0
101762,Customer_101762,Female,49,UK,13,41697.79,542,1,1,1.0
101763,Customer_101763,Male,39,UK,12,50290.0,655,0,0,1.0
101764,Customer_101764,Female,35,UK,0,29958.42,797,0,0,1.0
101765,Customer_101765,Female,29,UK,2,22667.76,772,1,0,1.0
101766,Customer_101766,Male,35,UK,6,31912.79,676,0,1,1.0
101767,Customer_101767,Male,42,Spain,9,112371.32,569,1,1,4.0
101768,Customer_101768,Female,33,UK,10,55842.15,583,1,0,1.0
101769,Customer_101769,Female,43,UK,4,47522.83,591,1,0,1.0
101770,Customer_101770,Female,30,Germany,1,27066.63,751,0,0,3.0
101771,Customer_101771,Female,22,France,5,63290.33,777,1,1,2.0
101772,Customer_101772,Male,52,Germany,12,22798.79,670,1,1,3.0
101773,Customer_101773,Female,36,France,15,20748.92,632,0,1,2.0
101774,Customer_101774,Female,32,Spain,15,32660.63,771,1,0,4.0
101775,Customer_101775,Male,29,France,9,101209.29,582,1,0,2.0
101776,Customer_101776,Male,47,France,1,98664.19,659,1,0,2.0
101777,Customer_101777,Male,58,Germany,15,34281.75,690,1,0,3.0
101778,Customer_101778,Female,37,France,2,31009.08,590,1,0,2.0
101779,Customer_101779,Male,39,UK,4,20075.63,607,1,0,1.0
101780,Customer_101780,Female,55,France,15,43500.98,601,0,1,2.0
101781,Customer_101781,Male,20,UK,8,45176.42,761,1,0,1.0
101782,Customer_101782,Male,66,Germany,3,59917.58,799,1,0,3.0
101783,Customer_101783,Female,71,UK,8,63274.85,664,0,0,1.0
101784,Customer_101784,Male,18,UK,1,38429.67,635,1,0,1.0
101785,Customer_101785,Female,41,UK,5,53940.53,610,0,1,1.0
101786,Customer_101786,Male,33,Germany,15,30642.32,655,0,0,3.0
101787,Customer_101787,Female,39,UK,4,53481.66,614,0,0,1.0
101788,Customer_101788,Male,37,Germany,14,33428.71,648,1,0,3.0
101789,Customer_101789,Female,52,Spain,8,51646.68,686,1,1,4.0
101790,Customer_101790,Female,41,UK,10,49799.02,625,1,0,1.0
101791,Customer_101791,Male,31,Germany,11,43320.73,641,0,1,3.0
101792,Customer_101792,Male,40,UK,8,60052.1,641,0,0,1.0
101793,Customer_101793,Male,48,UK,0,20717.73,631,1,1,1.0
101794,Customer_101794,Female,28,Germany,14,26009.38,622,1,0,3.0
101795,Customer_101795,Female,22,Spain,7,37193.83,712,1,0,4.0
101796,Customer_101796,Male,66,UK,10,21937.58,522,0,0,1.0
101797,Customer_101797,Male,34,France,8,34973.15,773,0,0,2.0
101798,Customer_101798,Female,40,UK,10,35484.15,665,0,0,1.0
101799,Customer_101799,Female,37,France,5,75718.86,701,1,0,2.0
101800,Customer_101800,Female,49,France,13,44782.16,709,0,0,2.0
101801,Customer_101801,Male,63,France,3,66747.24,602,1,0,2.0
101802,Customer_101802,Female,49,,10,48106.79,586,1,1,
101803,Customer_101803,Female,24,UK,9,33003.69,578,1,0,1.0
101804,Customer_101804,Male,25,Germany,8,44604.83,636,1,1,3.0
101805,Customer_101805,Male,37,Germany,0,58318.04,707,1,0,3.0
101806,Customer_101806,Male,39,Germany,6,71858.59,611,1,0,3.0
101807,Customer_101807,Female,21,UK,0,39572.33,701,1,0,1.0
101808,Customer_101808,Male,52,France,8,20011.15,477,1,0,2.0
101809,Customer_101809,Female,29,France,11,19388.08,626,1,0,2.0
101810,Customer_101810,Female,60,UK,8,36262.49,743,1,0,1.0
101811,Customer_101811,Female,64,UK,12,16000.0,642,1,0,1.0
101812,Customer_101812,Female,39,France,5,94204.38,593,1,0,2.0
101813,Customer_101813,Male,47,Germany,4,54942.63,606,1,0,3.0
101814,Customer_101814,Female,27,UK,7,31551.45,428,0,1,1.0
101815,Customer_101815,Male,49,Germany,3,25491.07,579,1,0,3.0
101816,Customer_101816,Female,36,France,12,66707.89,734,1,0,2.0
101817,Customer_101817,Female,29,Germany,12,25445.35,611,1,0,3.0
101818,Customer_101818,Female,39,France,6,26561.63,620,1,0,2.0
101819,Customer_101819,Female,36,France,12,29754.9,480,1,0,2.0
101820,Customer_101820,Male,38,France,0,44212.56,533,1,0,2.0
101821,Customer_101821,Female,53,Spain,2,55535.83,744,1,0,4.0
101822,Customer_101822,Female,33,France,4,71835.02,701,1,0,2.0
101823,Customer_101823,Female,63,France,6,67215.69,558,1,0,2.0
101824,Customer_101824,Male,26,France,3,42014.63,608,0,0,2.0
101825,Customer_101825,Male,61,Germany,8,66480.22,653,1,0,3.0
101826,Customer_101826,Female,30,UK,12,31053.76,565,1,0,1.0
101827,Customer_101827,Male,42,France,7,18509.42,505,1,0,2.0
101828,Customer_101828,Female,36,France,7,31051.92,643,1,0,2.0
101829,Customer_101829,Female,38,Spain,0,29219.97,698,1,0,4.0
101830,Customer_101830,Female,52,France,4,31603.74,699,0,0,2.0
101831,Customer_101831,Male,60,France,12,27274.47,721,1,0,2.0
101832,Customer_101832,Female,56,Spain,12,34129.78,538,0,0,4.0
101833,Customer_101833,Male,37,France,1,55516.34,659,0,1,2.0
101834,Customer_101834,Male,44,UK,0,90879.58,635,1,0,1.0
101835,Customer_101835,Female,33,UK,13,19322.37,648,1,0,1.0
101836,Customer_101836,Male,30,UK,2,23527.95,639,1,0,1.0
101837,Customer_101837,Male,28,UK,9,29415.41,605,1,0,1.0
101838,Customer_101838,Male,37,France,13,59278.9,429,0,1,2.0
101839,Customer_101839,Male,45,Germany,12,38299.75,742,1,0,3.0
101840,Customer_101840,Female,19,Germany,8,30320.39,680,0,0,3.0
101841,Customer_101841,Male,41,UK,6,57985.88,544,1,0,1.0
101842,Customer_101842,Male,60,France,12,64589.07,690,1,0,2.0
101843,Customer_101843,Female,55,UK,11,41646.93,621,1,1,1.0
101844,Customer_101844,Male,35,Spain,13,29089.32,624,1,0,4.0
101845,Customer_101845,Female,25,UK,8,47431.92,597,1,0,1.0
101846,Customer_101846,Female,48,France,15,37814.74,695,1,0,2.0
101847,Customer_101847,Female,18,UK,12,37683.17,595,1,0,1.0
101848,Customer_101848,Female,55,France,1,33351.06,573,1,0,2.0
101849,Customer_101849,Male,39,France,4,63682.65,740,0,0,2.0
101850,Customer_101850,Female,64,Germany,12,46998.5,642,1,0,3.0
101851,Customer_101851,Male,21,UK,1,66935.87,644,1,1,1.0
101852,Customer_101852,Male,53,Spain,11,76632.13,707,0,0,4.0
101853,Customer_101853,Female,41,France,5,51635.58,605,0,0,2.0
101854,Customer_101854,Male,38,Germany,3,33440.07,620,0,0,3.0
101855,Customer_101855,Female,26,Germany,8,67075.34,678,0,0,3.0
101856,Customer_101856,Female,49,Spain,14,51791.12,539,1,0,4.0
101857,Customer_101857,Female,50,UK,14,135528.93,672,1,0,1.0
101858,Customer_101858,Male,63,UK,6,48289.59,598,0,0,1.0
101859,Customer_101859,Male,54,UK,0,57491.05,719,1,0,1.0
101860,Customer_101860,Female,35,UK,14,47863.84,696,1,0,1.0
101861,Customer_101861,Male,30,France,14,40168.18,686,1,0,2.0
101862,Customer_101862,Female,26,Spain,9,37382.9,534,0,1,4.0
101863,Customer_101863,Female,60,Spain,10,47946.19,647,0,0,4.0
101864,Customer_101864,Female,33,France,8,53101.16,567,1,1,2.0
101865,Customer_101865,Female,60,France,0,70608.05,652,1,0,2.0
101866,Customer_101866,Male,48,Spain,2,48262.38,481,0,0,4.0
101867,Customer_101867,Male,46,Spain,2,34102.46,539,0,0,4.0
101868,Customer_101868,Female,38,UK,14,36255.29,744,0,0,1.0
101869,Customer_101869,Male,50,France,0,23158.18,683,0,0,2.0
101870,Customer_101870,Male,42,Germany,8,88696.09,628,1,0,3.0
101871,Customer_101871,Male,38,UK,5,32922.01,587,1,0,1.0
101872,Customer_101872,Male,50,France,0,64911.05,574,1,0,2.0
101873,Customer_101873,Male,40,Spain,14,47565.97,670,1,0,4.0
101874,Customer_101874,Male,32,Spain,0,48151.34,629,1,0,4.0
101875,Customer_101875,Female,49,Spain,13,39837.87,771,1,0,4.0
101876,Customer_101876,Male,41,Germany,12,29463.73,641,0,1,3.0
101877,Customer_101877,Female,48,UK,12,27162.26,659,1,1,1.0
101878,Customer_101878,Male,37,UK,2,91421.35,551,0,0,1.0
101879,Customer_101879,Female,27,France,14,44210.05,628,1,1,2.0
101880,Customer_101880,Male,63,France,9,69688.83,668,1,0,2.0
101881,Customer_101881,Female,61,France,6,78325.85,627,1,0,2.0
101882,Customer_101882,Male,53,France,10,34910.53,619,0,1,2.0
101883,Customer_101883,Male,37,France,5,50817.83,680,0,0,2.0
101884,Customer_101884,Male,38,Germany,4,42859.38,769,1,0,3.0
101885,Customer_101885,Female,59,UK,4,24951.24,666,1,0,1.0
101886,Customer_101886,Female,38,UK,9,38636.74,741,1,0,1.0
101887,Customer_101887,Male,34,UK,9,54710.06,702,1,0,1.0
101888,Customer_101888,Male,64,UK,3,33552.33,736,1,0,1.0
101889,Customer_101889,Female,41,Spain,3,36288.11,609,1,0,4.0
101890,Customer_101890,Female,63,France,15,38847.92,639,0,0,2.0
101891,Customer_101891,Male,25,UK,8,108620.25,640,1,0,1.0
101892,Customer_101892,Female,48,Germany,13,18399.94,696,1,0,3.0
101893,Customer_101893,Male,67,France,5,52636.46,714,0,1,2.0
101894,Customer_101894,Female,42,UK,4,37474.74,664,1,0,1.0
101895,Customer_101895,Male,39,UK,4,31480.71,721,0,0,1.0
101896,Customer_101896,Male,28,UK,8,37063.24,613,1,0,1.0
101897,Customer_101897,Male,55,Germany,12,56712.18,721,1,0,3.0
101898,Customer_101898,Female,33,UK,8,58189.52,731,1,0,1.0
101899,Customer_101899,Male,41,UK,4,45667.06,706,1,0,1.0
101900,Customer_101900,Female,27,UK,15,68676.23,665,0,0,1.0
101901,Customer_101901,Female,61,France,9,74339.65,708,0,0,2.0
101902,Customer_101902,Female,56,UK,6,60645.1,588,0,0,1.0
101903,Customer_101903,Male,42,Germany,0,32847.74,670,1,0,3.0
101904,Customer_101904,Male,28,UK,8,52466.16,678,1,0,1.0
101905,Customer_101905,Male,60,France,9,52578.64,555,1,0,2.0
101906,Customer_101906,Female,38,France,14,29097.01,691,1,0,2.0
101907,Customer_101907,Female,29,France,3,20726.69,561,0,0,2.0
101908,Customer_101908,Male,21,UK,2,16901.81,623,1,0,1.0
101909,Customer_101909,Female,34,Germany,15,43341.24,658,1,0,3.0
101910,Customer_101910,Male,25,Spain,8,48028.16,600,1,0,4.0
101911,Customer_101911,Male,35,UK,0,24676.91,661,0,1,1.0
101912,Customer_101912,Male,51,UK,1,67247.79,660,0,0,1.0
101913,Customer_101913,Female,37,Spain,7,44977.74,593,1,0,4.0
101914,Customer_101914,Male,46,France,9,77086.12,698,1,0,2.0
101915,Customer_101915,Male,33,UK,3,49620.83,598,0,0,1.0
101916,Customer_101916,Female,43,UK,5,25992.8,827,1,0,1.0
101917,Customer_101917,Female,65,Germany,11,51619.33,647,0,0,3.0
101918,Customer_101918,Male,38,Germany,15,56782.0,567,0,1,3.0
101919,Customer_101919,Male,47,France,7,32826.59,581,0,1,2.0
101920,Customer_101920,Male,23,Spain,6,21949.14,741,1,0,4.0
101921,Customer_101921,Male,60,France,5,43939.02,624,0,1,2.0
101922,Customer_101922,Male,36,UK,2,26770.21,553,0,1,1.0
101923,Customer_101923,Female,55,France,0,69551.61,719,1,0,2.0
101924,Customer_101924,Male,41,UK,13,34968.24,624,0,0,1.0
101925,Customer_101925,Female,49,UK,0,91262.51,704,1,1,1.0
101926,Customer_101926,Male,50,UK,13,16148.03,725,0,0,1.0
101927,Customer_101927,Male,37,UK,3,44626.49,676,1,0,1.0
101928,Customer_101928,Male,55,Germany,11,79909.62,835,1,0,3.0
101929,Customer_101929,Male,33,UK,15,28135.52,526,1,0,1.0
101930,Customer_101930,Male,51,France,11,39096.35,594,1,0,2.0
101931,Customer_101931,Male,37,France,11,35033.46,636,1,1,2.0
101932,Customer_101932,Female,46,France,4,30875.85,825,0,0,2.0
101933,Customer_101933,Female,36,Germany,9,46887.44,790,1,0,3.0
101934,Customer_101934,Male,43,Germany,10,23446.7,752,0,0,3.0
101935,Customer_101935,Female,29,Germany,6,39954.19,595,1,0,3.0
101936,Customer_101936,Female,45,UK,0,52977.49,604,1,0,1.0
101937,Customer_101937,Female,43,France,14,38125.28,593,0,1,2.0
101938,Customer_101938,Male,36,France,3,26777.92,596,1,0,2.0
101939,Customer_101939,Male,41,UK,15,66769.94,767,0,0,1.0
101940,Customer_101940,Male,44,UK,14,58339.84,637,0,0,1.0
101941,Customer_101941,Male,35,UK,0,26288.6,647,1,0,1.0
101942,Customer_101942,Male,40,France,11,23460.57,713,0,0,2.0
101943,Customer_101943,Female,30,France,10,27366.06,530,1,1,2.0
101944,Customer_101944,Female,70,UK,3,53680.11,659,1,1,1.0
101945,Customer_101945,Male,55,Germany,13,47545.04,573,1,0,3.0
101946,Customer_101946,Male,45,Spain,1,59931.78,633,0,0,4.0
101947,Customer_101947,Male,56,UK,3,36266.77,611,0,0,1.0
101948,Customer_101948,Male,18,Spain,15,27702.96,607,1,0,4.0
101949,Customer_101949,Female,18,UK,11,63507.03,672,0,0,1.0
101950,Customer_101950,Male,37,Spain,1,32740.66,672,1,0,4.0
101951,Customer_101951,Female,25,Spain,2,45677.98,639,0,0,4.0
101952,Customer_101952,Female,39,UK,4,20909.5,683,1,0,1.0
101953,Customer_101953,Female,44,Germany,1,32500.48,590,1,1,3.0
101954,Customer_101954,Female,53,Spain,2,66148.22,706,1,0,4.0
101955,Customer_101955,Female,28,Spain,9,30427.48,640,1,0,4.0
101956,Customer_101956,Male,47,Spain,0,60594.03,619,1,0,4.0
101957,Customer_101957,Male,42,France,4,16000.0,595,0,0,2.0
101958,Customer_101958,Female,46,UK,5,32653.22,637,0,0,1.0
101959,Customer_101959,Male,36,Germany,15,38883.11,795,1,0,3.0
101960,Customer_101960,Female,59,France,15,92002.22,650,1,0,2.0
101961,Customer_101961,Male,41,France,13,24818.55,569,1,0,2.0
101962,Customer_101962,Male,63,France,5,56804.56,724,1,0,2.0
101963,Customer_101963,Male,33,France,8,67578.43,620,1,0,2.0
101964,Customer_101964,Female,51,,8,30356.15,676,1,0,
101965,Customer_101965,Male,41,Germany,13,35501.82,610,0,1,3.0
101966,Customer_101966,Male,38,UK,11,44763.92,751,0,1,1.0
101967,Customer_101967,Male,50,Germany,14,21563.49,611,0,1,3.0
101968,Customer_101968,Female,38,Germany,8,34222.15,760,1,0,3.0
101969,Customer_101969,Female,18,France,14,74583.55,576,1,0,2.0
101970,Customer_101970,Male,18,France,11,53136.51,633,1,0,2.0
101971,Customer_101971,Female,57,UK,11,39139.47,760,1,0,1.0
101972,Customer_101972,Male,57,Spain,10,44192.37,668,1,0,4.0
101973,Customer_101973,Female,65,Germany,5,54547.78,825,0,0,3.0
101974,Customer_101974,Male,42,UK,9,59457.05,635,1,0,1.0
101975,Customer_101975,Male,26,UK,5,32697.0,674,1,0,1.0
101976,Customer_101976,Female,37,UK,10,83788.36,798,1,1,1.0
101977,Customer_101977,Female,42,France,4,75946.28,541,0,1,2.0
101978,Customer_101978,Male,30,Spain,12,56964.91,532,1,0,4.0
101979,Customer_101979,Female,62,Germany,9,28741.37,595,0,1,3.0
101980,Customer_101980,Female,69,UK,11,26537.77,716,1,0,1.0
101981,Customer_101981,Male,48,Spain,3,36259.37,534,1,0,4.0
101982,Customer_101982,Female,42,UK,12,43164.31,700,0,1,1.0
101983,Customer_101983,Female,26,Spain,12,18950.84,695,1,0,4.0
101984,Customer_101984,Male,61,UK,2,52472.1,806,1,1,1.0
101985,Customer_101985,Female,43,France,5,74965.47,733,1,0,2.0
101986,Customer_101986,Male,39,Spain,10,,682,1,0,4.0
101987,Customer_101987,Female,48,UK,13,30983.22,757,1,0,1.0
101988,Customer_101988,Male,35,Germany,11,29376.3,695,0,1,3.0
101989,Customer_101989,Male,44,Spain,7,48067.35,620,0,0,4.0
101990,Customer_101990,Female,25,UK,4,39200.24,569,1,0,1.0
101991,Customer_101991,Female,55,UK,14,51266.53,612,1,0,1.0
101992,Customer_101992,Female,41,Germany,13,55061.14,652,1,0,3.0
101993,Customer_101993,Female,56,UK,14,68649.95,668,1,0,1.0
101994,Customer_101994,Male,40,UK,4,25234.55,495,1,0,1.0
101995,Customer_101995,Male,40,France,6,46404.58,639,1,0,2.0
101996,Customer_101996,Male,27,Germany,3,35662.72,657,0,0,3.0
101997,Customer_101997,Male,51,UK,15,40176.56,696,1,0,1.0
101998,Customer_101998,Male,31,UK,13,61970.2,777,1,0,1.0
101999,Customer_101999,Female,36,Germany,2,65077.33,669,0,1,3.0
102000,Customer_102000,Female,42,France,3,78804.43,587,1,0,2.0
102001,Customer_102001,Male,43,Germany,8,50865.52,519,0,1,3.0
102002,Customer_102002,Male,22,France,6,39971.31,707,1,0,2.0
102003,Customer_102003,Female,39,Spain,7,37482.51,590,1,0,4.0
102004,Customer_102004,Male,52,Germany,5,19240.74,720,1,0,3.0
102005,Customer_102005,Male,37,UK,10,76749.77,760,1,0,1.0
102006,Customer_102006,Male,39,Spain,14,36336.23,539,0,0,4.0
102007,Customer_102007,Male,44,France,14,52737.32,697,1,0,2.0
102008,Customer_102008,Male,40,UK,7,57009.51,752,1,1,1.0
102009,Customer_102009,Female,30,UK,13,23981.38,731,1,0,1.0
102010,Customer_102010,Male,42,Germany,11,27720.27,498,1,1,3.0
102011,Customer_102011,Female,54,UK,3,84253.37,591,1,0,1.0
102012,Customer_102012,Male,29,UK,12,47864.09,559,0,0,1.0
102013,Customer_102013,Female,38,UK,5,32343.27,694,1,0,1.0
102014,Customer_102014,Male,25,France,10,39678.66,686,1,0,2.0
102015,Customer_102015,Male,53,France,11,68475.51,453,1,0,2.0
102016,Customer_102016,Male,41,France,15,63950.61,632,1,0,2.0
102017,Customer_102017,Male,32,UK,15,21713.47,715,1,0,1.0
102018,Customer_102018,Male,43,UK,12,87627.72,666,0,0,1.0
102019,Customer_102019,Female,28,France,8,64873.31,666,1,0,2.0
102020,Customer_102020,Male,30,UK,6,39214.86,628,1,0,1.0
102021,Customer_102021,Male,24,Germany,7,24566.77,576,1,0,3.0
102022,Customer_102022,Male,29,UK,15,67489.6,654,1,0,1.0
102023,Customer_102023,Female,58,UK,3,52042.57,659,0,0,1.0
102024,Customer_102024,Female,33,UK,8,21794.56,701,1,0,1.0
102025,Customer_102025,Female,48,France,10,37835.0,707,1,0,2.0
102026,Customer_102026,Female,32,UK,0,171476.71,661,0,0,1.0
102027,Customer_102027,Female,51,Germany,10,42313.04,737,1,0,3.0
102028,Customer_102028,Female,30,UK,4,30077.66,627,0,0,1.0
102029,Customer_102029,Male,42,France,4,26678.18,547,1,0,2.0
102030,Customer_102030,Female,43,France,9,93234.16,691,1,1,2.0
102031,Customer_102031,Female,70,UK,0,61507.64,664,1,0,1.0
102032,Customer_102032,Male,50,France,2,79124.08,692,1,0,2.0
102033,Customer_102033,Female,35,UK,7,46962.67,560,1,0,1.0
102034,Customer_102034,Male,50,France,9,73845.74,789,1,0,2.0
102035,Customer_102035,Male,68,UK,1,28672.13,708,1,0,1.0
102036,Customer_102036,Male,22,Germany,5,45188.18,633,1,0,3.0
102037,Customer_102037,Female,32,Spain,4,47791.3,585,1,0,4.0
102038,Customer_102038,Female,39,UK,8,78239.2,736,1,0,1.0
102039,Customer_102039,Male,37,France,4,48479.89,572,1,0,2.0
102040,Customer_102040,Male,38,Germany,0,31695.96,825,0,0,3.0
102041,Customer_102041,Male,26,UK,8,43228.62,609,1,0,1.0
102042,Customer_102042,Male,59,Germany,13,19752.57,784,0,1,3.0
102043,Customer_102043,Female,25,France,9,16000.0,641,1,0,2.0
102044,Customer_102044,Male,40,Spain,5,61054.89,774,1,0,4.0
102045,Customer_102045,Male,55,Spain,7,35482.33,600,0,0,4.0
102046,Customer_102046,Male,42,UK,2,37338.76,656,1,0,1.0
102047,Customer_102047,Female,30,France,3,61044.04,715,1,0,2.0
102048,Customer_102048,Male,26,France,7,78753.62,705,1,0,2.0
102049,Customer_102049,Female,39,UK,9,53420.21,738,1,0,1.0
102050,Customer_102050,Male,33,UK,7,100013.22,618,1,0,1.0
102051,Customer_102051,Male,44,Spain,15,52661.24,661,1,0,4.0
102052,Customer_102052,Female,25,UK,10,48118.45,749,1,0,1.0
102053,Customer_102053,Male,52,France,0,46798.19,602,1,0,2.0
102054,Customer_102054,Female,43,Germany,8,23551.67,698,0,0,3.0
102055,Customer_102055,Male,44,UK,9,64577.69,639,1,1,1.0
102056,Customer_102056,Female,59,France,0,16000.0,670,1,0,2.0
102057,Customer_102057,Female,37,Spain,6,32260.9,661,1,0,4.0
102058,Customer_102058,Female,33,France,13,42435.63,596,1,0,2.0
102059,Customer_102059,Male,35,UK,5,29437.71,635,0,1,1.0
102060,Customer_102060,Female,40,UK,7,34273.74,666,1,0,1.0
102061,Customer_102061,Female,41,Spain,3,96099.93,647,0,0,4.0
102062,Customer_102062,Male,32,UK,1,69025.8,773,1,0,1.0
102063,Customer_102063,Male,18,France,5,30847.24,731,1,0,2.0
102064,Customer_102064,Female,35,UK,12,34000.14,677,1,0,1.0
102065,Customer_102065,Male,46,France,15,23641.84,598,1,0,2.0
102066,Customer_102066,Female,44,Spain,10,57680.37,593,1,1,4.0
102067,Customer_102067,Female,56,France,13,37535.44,803,1,0,2.0
102068,Customer_102068,Male,65,Spain,10,17335.56,579,0,0,4.0
102069,Customer_102069,Female,51,UK,10,43948.66,664,0,0,1.0
102070,Customer_102070,Female,59,France,6,51172.9,682,1,0,2.0
102071,Customer_102071,Male,51,Spain,0,64785.58,632,1,0,4.0
102072,Customer_102072,Female,63,France,6,40636.23,580,0,0,2.0
102073,Customer_102073,Male,64,UK,13,35515.44,596,1,0,1.0
102074,Customer_102074,Male,53,Spain,8,102666.79,614,1,0,4.0
102075,Customer_102075,Female,50,UK,12,42124.66,602,0,0,1.0
102076,Customer_102076,Male,40,France,0,58059.74,755,1,0,2.0
102077,Customer_102077,Female,42,Spain,3,32946.23,654,1,0,4.0
102078,Customer_102078,Male,38,UK,4,57290.16,616,1,0,1.0
102079,Customer_102079,Male,49,UK,5,21815.85,663,1,0,1.0
102080,Customer_102080,Male,33,UK,15,34115.07,705,1,0,1.0
102081,Customer_102081,Female,40,UK,7,24384.46,629,1,0,1.0
102082,Customer_102082,Female,18,UK,10,31990.26,723,0,0,1.0
102083,Customer_102083,Female,63,Germany,10,73727.89,560,1,0,3.0
102084,Customer_102084,Female,39,UK,6,31884.59,743,1,0,1.0
102085,Customer_102085,Female,47,Germany,15,58025.63,654,0,0,3.0
102086,Customer_102086,Female,59,UK,3,83132.77,651,1,0,1.0
102087,Customer_102087,Male,46,UK,0,41482.01,603,0,0,1.0
102088,Customer_102088,Female,59,UK,11,65684.62,563,0,0,1.0
102089,Customer_102089,Female,27,Germany,10,53338.49,530,0,1,3.0
102090,Customer_102090,Female,71,France,4,44259.33,598,0,1,2.0
102091,Customer_102091,Male,55,UK,13,58868.82,699,1,0,1.0
102092,Customer_102092,Male,45,Spain,2,96124.26,583,1,1,4.0
102093,Customer_102093,Female,59,France,4,31528.71,539,0,0,2.0
102094,Customer_102094,Male,28,UK,2,27276.6,587,0,0,1.0
102095,Customer_102095,Male,39,Spain,2,26565.36,626,1,1,4.0
102096,Customer_102096,Female,59,UK,11,65704.16,629,1,0,1.0
102097,Customer_102097,Male,20,UK,11,69817.52,645,1,0,1.0
102098,Customer_102098,Male,49,France,10,32983.35,732,0,1,2.0
102099,Customer_102099,Male,48,UK,13,16062.12,749,1,0,1.0
102100,Customer_102100,Male,66,UK,1,31001.3,805,1,0,1.0
102101,Customer_102101,Female,23,Germany,9,53742.49,533,1,0,3.0
102102,Customer_102102,Female,61,UK,1,40757.68,591,1,0,1.0
102103,Customer_102103,Female,35,Germany,15,45550.71,707,0,0,3.0
102104,Customer_102104,Female,37,Spain,10,33187.21,621,1,0,4.0
102105,Customer_102105,Female,27,France,12,66288.06,720,1,0,2.0
102106,Customer_102106,Male,29,Germany,9,49014.0,671,1,0,3.0
102107,Customer_102107,Female,47,Germany,6,54684.38,773,0,0,3.0
102108,Customer_102108,Male,29,Spain,10,45116.55,733,1,0,4.0
102109,Customer_102109,Male,51,UK,13,53177.5,735,1,0,1.0
102110,Customer_102110,Female,34,UK,2,51626.08,624,1,0,1.0
102111,Customer_102111,Female,27,France,13,27661.35,648,0,0,2.0
102112,Customer_102112,Male,36,France,11,49677.3,632,0,0,2.0
102113,Customer_102113,Female,46,UK,1,59970.23,542,0,0,1.0
102114,Customer_102114,Male,39,France,14,70632.0,765,1,0,2.0
102115,Customer_102115,Male,42,UK,2,50648.92,711,0,1,1.0
102116,Customer_102116,Male,50,Spain,9,27202.45,629,0,0,4.0
102117,Customer_102117,Male,55,UK,2,29153.55,753,1,0,1.0
102118,Customer_102118,Female,38,UK,3,34530.84,608,0,0,1.0
102119,Customer_102119,Male,29,UK,10,45737.95,517,0,0,1.0
102120,Customer_102120,Male,43,UK,10,39752.13,731,1,0,1.0
102121,Customer_102121,Male,48,UK,10,25330.02,559,0,1,1.0
102122,Customer_102122,Female,24,UK,5,25261.86,640,1,0,1.0
102123,Customer_102123,Female,31,UK,13,16335.4,670,1,0,1.0
102124,Customer_102124,Female,33,UK,0,16000.0,684,1,0,1.0
102125,Customer_102125,Male,40,UK,13,39581.74,719,1,0,1.0
102126,Customer_102126,Female,33,UK,4,119315.74,699,1,1,1.0
102127,Customer_102127,Female,50,UK,9,94275.41,696,1,0,1.0
102128,Customer_102128,Male,23,UK,14,27044.01,596,0,0,1.0
102129,Customer_102129,Male,23,UK,4,44930.92,677,1,0,1.0
102130,Customer_102130,Male,38,UK,6,21728.15,542,0,1,1.0
102131,Customer_102131,Male,40,UK,13,23271.29,772,1,0,1.0
102132,Customer_102132,Male,25,Germany,13,24503.28,550,1,0,3.0
102133,Customer_102133,Male,35,Spain,3,37947.18,629,1,0,4.0
102134,Customer_102134,Male,37,Spain,8,38689.29,556,1,0,4.0
102135,Customer_102135,Female,37,France,5,47058.22,600,1,0,2.0
102136,Customer_102136,Male,44,France,8,56606.11,656,1,0,2.0
102137,Customer_102137,Male,34,UK,6,36092.07,615,1,0,1.0
102138,Customer_102138,Female,60,Germany,0,42689.82,741,1,0,3.0
102139,Customer_102139,Male,48,Germany,14,25673.36,672,1,0,3.0
102140,Customer_102140,Male,32,Germany,10,22934.58,620,1,1,3.0
102141,Customer_102141,Male,43,Spain,7,21394.46,645,1,0,4.0
102142,Customer_102142,Male,43,France,1,56251.41,746,1,0,2.0
102143,Customer_102143,Male,57,Germany,1,36075.4,723,1,0,3.0
102144,Customer_102144,Male,35,Germany,7,18095.54,570,0,0,3.0
102145,Customer_102145,Male,51,UK,10,40824.39,604,0,1,1.0
102146,Customer_102146,Female,43,Spain,4,23943.57,691,0,0,4.0
102147,Customer_102147,Female,60,UK,11,88662.77,682,0,0,1.0
102148,Customer_102148,Male,57,Spain,6,32368.96,576,1,0,4.0
102149,Customer_102149,Male,44,Germany,0,57073.92,711,1,1,3.0
102150,Customer_102150,Male,39,UK,8,68559.57,588,1,1,1.0
102151,Customer_102151,Female,48,Germany,2,27329.09,753,1,0,3.0
102152,Customer_102152,Female,40,UK,0,43462.17,695,1,1,1.0
102153,Customer_102153,Male,62,Germany,2,53878.43,570,1,0,3.0
102154,Customer_102154,Male,43,Germany,4,44241.59,615,0,0,3.0
102155,Customer_102155,Male,37,France,8,49410.6,614,1,0,2.0
102156,Customer_102156,Female,36,Spain,15,23088.54,667,1,0,4.0
102157,Customer_102157,Female,27,UK,3,53892.21,640,0,1,1.0
102158,Customer_102158,Male,49,UK,0,33747.14,569,1,1,1.0
102159,Customer_102159,Female,32,France,3,49152.25,550,1,0,2.0
102160,Customer_102160,Male,55,UK,5,63539.68,696,1,0,1.0
102161,Customer_102161,Female,26,France,3,56748.74,676,1,0,2.0
102162,Customer_102162,Female,44,UK,5,49136.08,663,0,0,1.0
102163,Customer_102163,Male,56,UK,15,56071.48,675,1,0,1.0
102164,Customer_102164,Male,18,France,6,57251.54,609,1,0,2.0
102165,Customer_102165,Female,66,Spain,10,82322.56,669,1,0,4.0
102166,Customer_102166,Male,37,UK,10,41361.35,845,1,0,1.0
102167,Customer_102167,Female,44,Spain,2,45215.97,743,1,0,4.0
102168,Customer_102168,Male,49,France,3,63885.96,633,1,1,2.0
102169,Customer_102169,Female,51,UK,6,33683.07,616,1,0,1.0
102170,Customer_102170,Male,45,France,7,23030.04,440,0,0,2.0
102171,Customer_102171,Male,54,France,0,52437.56,735,0,0,2.0
102172,Customer_102172,Male,48,UK,10,38281.2,714,0,0,1.0
102173,Customer_102173,Male,63,France,4,24392.66,614,0,0,2.0
102174,Customer_102174,Male,48,UK,5,52610.38,548,1,0,1.0
102175,Customer_102175,Female,66,UK,9,79972.23,568,0,0,1.0
102176,Customer_102176,Male,53,France,15,20171.8,688,0,0,2.0
102177,Customer_102177,Male,20,France,13,66534.18,648,1,0,2.0
102178,Customer_102178,Male,73,Germany,15,16000.0,707,1,0,3.0
102179,Customer_102179,Male,35,UK,6,35076.82,661,1,1,1.0
102180,Customer_102180,Female,60,Spain,1,96149.26,728,0,0,4.0
102181,Customer_102181,Female,42,Germany,3,36231.31,683,0,0,3.0
102182,Customer_102182,Male,55,Spain,5,43734.7,717,0,0,4.0
102183,Customer_102183,Female,34,Germany,4,59202.24,498,1,0,3.0
102184,Customer_102184,Female,50,UK,3,19399.68,562,0,0,1.0
102185,Customer_102185,Female,39,France,2,43384.94,628,1,1,2.0
102186,Customer_102186,Male,61,UK,2,43231.33,736,1,0,1.0
102187,Customer_102187,Male,47,Germany,10,97097.35,796,1,0,3.0
102188,Customer_102188,Male,53,France,7,24084.93,643,0,0,2.0
102189,Customer_102189,Female,18,UK,0,35373.99,609,0,0,1.0
102190,Customer_102190,Female,41,Spain,9,27657.85,508,1,0,4.0
102191,Customer_102191,Male,47,UK,13,26368.87,720,1,0,1.0
102192,Customer_102192,Male,45,France,6,69755.82,614,1,0,2.0
102193,Customer_102193,Female,54,Germany,5,42506.75,850,1,0,3.0
102194,Customer_102194,Female,38,UK,4,32709.46,600,0,0,1.0
102195,Customer_102195,Male,43,France,6,33269.43,813,1,0,2.0
102196,Customer_102196,Female,56,Germany,4,32596.91,711,1,1,3.0
102197,Customer_102197,Male,18,UK,14,33935.38,578,1,0,1.0
102198,Customer_102198,Male,49,France,15,23775.82,672,1,0,2.0
102199,Customer_102199,Female,38,UK,5,37383.94,713,0,0,1.0
102200,Customer_102200,Female,31,Germany,14,35731.28,638,1,0,3.0
102201,Customer_102201,Female,46,UK,13,29864.22,718,1,0,1.0
102202,Customer_102202,Male,57,Spain,1,45035.02,716,0,0,4.0
102203,Customer_102203,Male,54,Spain,7,46787.68,700,1,0,4.0
102204,Customer_102204,Male,40,UK,10,32693.57,654,1,1,1.0
102205,Customer_102205,Male,53,UK,6,39362.33,567,1,0,1.0
102206,Customer_102206,Male,52,France,7,110946.74,649,0,0,2.0
102207,Customer_102207,Male,41,Germany,7,109056.34,668,1,0,3.0
102208,Customer_102208,Male,34,France,11,26136.4,514,1,0,2.0
102209,Customer_102209,Male,34,UK,4,27831.49,668,1,0,1.0
102210,Customer_102210,Male,52,UK,9,26073.99,648,1,0,1.0
102211,Customer_102211,Female,41,Spain,3,67582.15,558,1,1,4.0
102212,Customer_102212,Male,29,France,14,35104.57,630,1,0,2.0
102213,Customer_102213,Female,22,Spain,1,46783.15,632,1,0,4.0
102214,Customer_102214,Female,52,France,1,103162.45,800,1,0,2.0
102215,Customer_102215,Female,35,Spain,0,41802.68,672,1,0,4.0
102216,Customer_102216,Male,46,UK,5,57712.95,733,1,0,1.0
102217,Customer_102217,Male,57,UK,9,53083.12,646,1,0,1.0
102218,Customer_102218,Female,26,Spain,15,32232.39,514,0,0,4.0
102219,Customer_102219,Male,41,Spain,7,67646.28,705,1,0,4.0
102220,Customer_102220,Male,40,UK,2,28654.32,606,0,1,1.0
102221,Customer_102221,Male,47,UK,5,76754.77,630,0,0,1.0
102222,Customer_102222,Female,57,France,2,32243.51,576,0,0,2.0
102223,Customer_102223,Male,26,France,7,33871.85,660,1,0,2.0
102224,Customer_102224,Female,49,,11,25734.95,735,1,0,
102225,Customer_102225,Male,54,Spain,0,27708.88,725,1,0,4.0
102226,Customer_102226,Male,40,UK,12,34661.37,774,1,0,1.0
102227,Customer_102227,Female,40,Germany,3,16000.0,785,1,0,3.0
102228,Customer_102228,Male,47,UK,10,37813.65,502,1,0,1.0
102229,Customer_102229,Female,46,UK,13,33417.55,565,1,0,1.0
102230,Customer_102230,Male,49,Germany,12,59929.84,519,0,0,3.0
102231,Customer_102231,Male,49,UK,10,50805.82,702,1,0,1.0
102232,Customer_102232,Female,30,Germany,11,30545.97,603,0,0,3.0
102233,Customer_102233,Male,54,UK,3,34169.1,618,0,0,1.0
102234,Customer_102234,Male,56,Spain,2,37791.78,639,1,0,4.0
102235,Customer_102235,Female,44,Germany,6,81969.73,684,1,0,3.0
102236,Customer_102236,Female,24,Spain,9,29009.77,544,1,0,4.0
102237,Customer_102237,Female,41,UK,9,30379.78,561,0,0,1.0
102238,Customer_102238,Male,44,UK,12,25274.77,655,0,1,1.0
102239,Customer_102239,Male,28,UK,4,21558.11,745,1,0,1.0
102240,Customer_102240,Female,38,France,13,48222.28,653,1,0,2.0
102241,Customer_102241,Male,25,UK,7,46015.4,596,1,0,1.0
102242,Customer_102242,Male,49,UK,3,74807.07,494,0,0,1.0
102243,Customer_102243,Female,44,UK,11,67108.03,726,0,0,1.0
102244,Customer_102244,Male,22,UK,2,123516.18,600,0,0,1.0
102245,Customer_102245,Male,46,UK,6,40626.76,569,1,1,1.0
102246,Customer_102246,Male,41,UK,12,37353.68,526,1,0,1.0
102247,Customer_102247,Male,48,UK,12,23396.06,547,1,0,1.0
102248,Customer_102248,Female,37,France,4,57462.34,583,1,0,2.0
102249,Customer_102249,Female,32,UK,2,44301.12,637,1,1,1.0
102250,Customer_102250,Male,33,UK,0,56302.53,564,0,0,1.0
102251,Customer_102251,Male,36,France,1,25155.18,669,0,0,2.0
102252,Customer_102252,Female,42,Germany,13,49199.9,637,1,1,3.0
102253,Customer_102253,Male,44,UK,12,46062.97,822,1,0,1.0
102254,Customer_102254,Male,40,France,8,44711.71,527,1,0,2.0
102255,Customer_102255,Female,37,Spain,9,30882.82,667,0,0,4.0
102256,Customer_102256,Female,38,France,5,71726.89,668,0,0,2.0
102257,Customer_102257,Male,72,Spain,3,105668.63,578,1,0,4.0
102258,Customer_102258,Female,33,Germany,0,25483.08,662,1,0,3.0
102259,Customer_102259,Male,35,UK,10,58082.79,713,1,0,1.0
102260,Customer_102260,Female,80,France,0,16000.0,662,1,0,2.0
102261,Customer_102261,Male,47,Germany,1,56743.67,759,1,0,3.0
102262,Customer_102262,Male,25,Spain,12,18103.4,492,1,0,4.0
102263,Customer_102263,Female,52,France,9,33162.98,592,1,0,2.0
102264,Customer_102264,Male,31,UK,7,23261.71,766,1,0,1.0
102265,Customer_102265,Male,53,France,3,38116.39,723,1,0,2.0
102266,Customer_102266,Male,39,UK,2,61259.98,696,1,0,1.0
102267,Customer_102267,Female,37,Germany,7,18208.32,747,1,0,3.0
102268,Customer_102268,Female,61,France,5,35726.89,511,1,0,2.0
102269,Customer_102269,Male,49,Germany,8,33336.53,715,0,0,3.0
102270,Customer_102270,Female,54,Spain,2,85553.47,735,1,0,4.0
102271,Customer_102271,Female,47,France,3,51006.96,606,1,0,2.0
102272,Customer_102272,Male,37,France,1,24727.65,850,1,0,2.0
102273,Customer_102273,Male,49,Germany,6,33973.72,670,0,0,3.0
102274,Customer_102274,Male,57,Germany,4,84598.5,491,1,0,3.0
102275,Customer_102275,Male,44,Spain,3,57924.13,684,1,1,4.0
102276,Customer_102276,Male,64,UK,8,27784.12,601,1,0,1.0
102277,Customer_102277,Male,52,France,7,37243.89,742,1,0,2.0
102278,Customer_102278,Male,45,UK,3,37783.42,696,1,0,1.0
102279,Customer_102279,Male,45,Spain,11,32969.33,610,1,0,4.0
102280,Customer_102280,Female,44,France,5,19454.42,768,1,0,2.0
102281,Customer_102281,Male,27,France,5,30961.36,725,1,0,2.0
102282,Customer_102282,Female,41,UK,7,78477.29,593,1,0,1.0
102283,Customer_102283,Female,45,UK,2,35380.28,644,1,0,1.0
102284,Customer_102284,Female,37,Germany,6,40093.15,694,1,0,3.0
102285,Customer_102285,Female,46,UK,9,44741.71,628,1,0,1.0
102286,Customer_102286,Female,42,UK,2,113958.37,630,0,0,1.0
102287,Customer_102287,Male,51,Spain,9,42168.07,658,1,1,4.0
102288,Customer_102288,Female,50,Germany,0,68713.45,575,1,0,3.0
102289,Customer_102289,Male,44,UK,9,32088.21,488,0,0,1.0
102290,Customer_102290,Female,26,UK,0,37372.68,673,0,0,1.0
102291,Customer_102291,Male,63,Spain,2,42237.92,506,1,0,4.0
102292,Customer_102292,Male,40,Germany,5,29645.48,581,0,0,3.0
102293,Customer_102293,Male,41,France,9,38320.95,522,1,0,2.0
102294,Customer_102294,Female,38,UK,11,62633.02,531,0,1,1.0
102295,Customer_102295,Male,36,UK,7,29297.6,687,1,0,1.0
102296,Customer_102296,Male,61,UK,2,42001.68,638,1,0,1.0
102297,Customer_102297,Male,59,Germany,6,57777.52,636,0,0,3.0
102298,Customer_102298,Male,47,UK,12,28981.56,556,1,1,1.0
102299,Customer_102299,Female,41,UK,1,68758.88,606,0,1,1.0
102300,Customer_102300,Female,49,Germany,11,43400.34,683,1,0,3.0
102301,Customer_102301,Male,43,Spain,6,38992.31,651,1,0,4.0
102302,Customer_102302,Male,40,Germany,0,17013.43,717,0,1,3.0
102303,Customer_102303,Male,46,France,11,35500.4,727,1,0,2.0
102304,Customer_102304,Male,37,France,0,49644.43,636,0,1,2.0
102305,Customer_102305,Female,45,France,5,92118.42,516,0,0,2.0
102306,Customer_102306,Female,44,UK,3,54229.21,598,1,0,1.0
102307,Customer_102307,Male,49,France,9,69718.58,648,1,0,2.0
102308,Customer_102308,Female,35,France,0,24375.35,597,1,0,2.0
102309,Customer_102309,Male,51,France,1,39670.17,576,1,0,2.0
102310,Customer_102310,Female,31,Spain,8,72748.3,660,1,0,4.0
102311,Customer_102311,Male,35,,15,28168.08,837,1,0,
102312,Customer_102312,Female,36,UK,0,64846.3,618,0,0,1.0
102313,Customer_102313,Male,29,UK,7,58420.25,655,1,0,1.0
102314,Customer_102314,Female,54,UK,12,47526.87,557,0,0,1.0
102315,Customer_102315,Male,30,UK,4,36225.14,748,1,0,1.0
102316,Customer_102316,Male,34,UK,7,26946.05,721,1,1,1.0
102317,Customer_102317,Male,57,UK,13,93371.89,715,1,0,1.0
102318,Customer_102318,Male,35,Germany,11,55813.05,757,1,0,3.0
102319,Customer_102319,Female,40,France,4,48957.22,623,1,0,2.0
102320,Customer_102320,Female,30,Spain,12,34879.08,632,1,0,4.0
102321,Customer_102321,Female,52,UK,10,42721.91,783,0,0,1.0
102322,Customer_102322,Male,52,UK,8,45231.44,702,0,0,1.0
102323,Customer_102323,Female,51,France,7,50280.32,489,1,0,2.0
102324,Customer_102324,Female,48,UK,14,58447.14,689,0,1,1.0
102325,Customer_102325,Male,43,UK,13,29534.45,611,0,0,1.0
102326,Customer_102326,Male,36,Spain,15,21708.44,722,1,0,4.0
102327,Customer_102327,Male,32,UK,10,43623.5,686,0,0,1.0
102328,Customer_102328,Male,57,UK,5,19133.14,524,1,0,1.0
102329,Customer_102329,Female,51,France,1,36307.42,675,1,0,2.0
102330,Customer_102330,Female,34,France,2,33399.28,671,1,0,2.0
102331,Customer_102331,Female,42,France,15,52402.61,682,0,0,2.0
102332,Customer_102332,Male,38,UK,5,102497.49,698,0,0,1.0
102333,Customer_102333,Female,28,Germany,1,17507.05,767,0,0,3.0
102334,Customer_102334,Female,44,UK,3,116868.91,686,0,0,1.0
102335,Customer_102335,Male,37,France,0,37818.02,657,1,0,2.0
102336,Customer_102336,Female,31,Germany,8,49115.94,741,1,0,3.0
102337,Customer_102337,Male,24,Spain,9,22220.05,823,1,0,4.0
102338,Customer_102338,Male,23,UK,6,65776.45,724,1,0,1.0
102339,Customer_102339,Male,38,France,11,42791.19,670,1,0,2.0
102340,Customer_102340,Male,41,UK,7,40854.19,687,0,0,1.0
102341,Customer_102341,Female,31,UK,15,17563.91,674,1,1,1.0
102342,Customer_102342,Male,50,UK,12,43418.18,656,1,0,1.0
102343,Customer_102343,Male,41,Germany,1,61454.21,817,0,0,3.0
102344,Customer_102344,Male,49,UK,4,37763.55,599,0,0,1.0
102345,Customer_102345,Male,40,Germany,12,71240.35,742,1,0,3.0
102346,Customer_102346,Male,33,UK,8,69928.44,646,1,1,1.0
102347,Customer_102347,Male,43,Spain,12,31474.47,544,0,1,4.0
102348,Customer_102348,Female,27,Germany,5,86096.68,641,1,0,3.0
102349,Customer_102349,Male,48,UK,0,42864.86,614,1,0,1.0
102350,Customer_102350,Female,31,UK,12,42950.79,698,1,1,1.0
102351,Customer_102351,Male,53,UK,12,43913.03,662,1,0,1.0
102352,Customer_102352,Female,38,Spain,10,43330.71,578,1,0,4.0
102353,Customer_102353,Female,55,UK,6,16000.0,765,1,0,1.0
102354,Customer_102354,Male,29,France,0,38636.28,737,1,0,2.0
102355,Customer_102355,Male,34,France,11,22734.73,774,1,0,2.0
102356,Customer_102356,Female,47,Germany,10,87314.86,673,1,0,3.0
102357,Customer_102357,Male,56,France,10,85747.5,652,1,0,2.0
102358,Customer_102358,Female,62,France,2,61623.41,708,1,0,2.0
102359,Customer_102359,Male,42,Spain,11,37726.37,612,1,0,4.0
102360,Customer_102360,Male,64,UK,11,26683.97,665,0,0,1.0
102361,Customer_102361,Male,39,Germany,13,31241.84,642,1,0,3.0
102362,Customer_102362,Female,55,UK,9,100671.07,545,1,0,1.0
102363,Customer_102363,Male,31,France,11,30758.94,665,1,0,2.0
102364,Customer_102364,Female,47,Spain,6,16000.0,622,0,1,4.0
102365,Customer_102365,Female,18,Germany,11,66769.35,637,1,0,3.0
102366,Customer_102366,Male,29,Germany,11,82508.06,682,1,0,3.0
102367,Customer_102367,Male,48,UK,12,88616.38,750,0,0,1.0
102368,Customer_102368,Male,26,France,13,67015.65,591,0,0,2.0
102369,Customer_102369,Male,47,UK,0,72121.59,630,1,0,1.0
102370,Customer_102370,Female,53,France,12,43012.46,598,1,1,2.0
102371,Customer_102371,Male,36,France,12,16499.61,593,0,0,2.0
102372,Customer_102372,Male,30,UK,8,42530.27,610,0,0,1.0
102373,Customer_102373,Female,36,UK,8,55555.21,640,1,0,1.0
102374,Customer_102374,Female,30,UK,11,39519.65,699,1,0,1.0
102375,Customer_102375,Male,41,UK,7,38717.56,679,0,0,1.0
102376,Customer_102376,Female,43,UK,6,27216.31,576,0,1,1.0
102377,Customer_102377,Male,38,Spain,12,26759.44,752,1,0,4.0
102378,Customer_102378,Female,62,France,12,96046.88,726,0,0,2.0
102379,Customer_102379,Male,33,UK,3,97624.21,587,0,0,1.0
102380,Customer_102380,Male,59,Germany,13,41950.0,747,1,0,3.0
102381,Customer_102381,Male,30,Germany,5,47672.53,680,1,0,3.0
102382,Customer_102382,Female,43,UK,2,27012.06,643,1,0,1.0
102383,Customer_102383,Female,56,UK,14,56082.75,682,0,0,1.0
102384,Customer_102384,Male,56,UK,3,92713.28,653,1,0,1.0
102385,Customer_102385,Female,37,UK,3,21105.12,696,1,0,1.0
102386,Customer_102386,Female,49,Germany,4,51749.62,669,1,0,3.0
102387,Customer_102387,Male,47,Spain,7,53529.32,630,1,0,4.0
102388,Customer_102388,Female,36,UK,2,53255.05,503,1,0,1.0
102389,Customer_102389,Male,49,Germany,2,87964.87,695,1,0,3.0
102390,Customer_102390,Female,64,UK,6,104991.33,627,1,0,1.0
102391,Customer_102391,Male,48,France,3,37811.07,713,1,0,2.0
102392,Customer_102392,Male,49,Germany,3,56860.32,691,1,0,3.0
102393,Customer_102393,Male,50,UK,14,43622.57,629,1,0,1.0
102394,Customer_102394,Male,24,UK,9,31601.92,732,1,0,1.0
102395,Customer_102395,Female,48,France,0,47443.33,670,0,0,2.0
102396,Customer_102396,Male,30,Spain,1,56817.5,667,0,0,4.0
102397,Customer_102397,Male,35,UK,13,46306.74,645,0,1,1.0
102398,Customer_102398,Male,68,UK,4,28251.26,781,1,0,1.0
102399,Customer_102399,Female,39,UK,2,34092.16,602,1,1,1.0
102400,Customer_102400,Female,33,France,10,34209.77,631,0,0,2.0
102401,Customer_102401,Male,56,France,13,28748.05,562,1,1,2.0
102402,Customer_102402,Male,31,Germany,6,48364.32,710,1,0,3.0
102403,Customer_102403,Male,37,Germany,11,50694.63,611,1,0,3.0
102404,Customer_102404,Female,57,Spain,6,65264.78,620,0,0,4.0
102405,Customer_102405,Female,43,Germany,1,28552.36,616,1,0,3.0
102406,Customer_102406,Female,23,UK,12,32388.53,660,1,0,1.0
102407,Customer_102407,Female,49,France,14,84540.09,561,1,0,2.0
102408,Customer_102408,Male,37,UK,15,39003.31,487,1,0,1.0
102409,Customer_102409,Female,60,UK,1,42573.35,689,1,0,1.0
102410,Customer_102410,Male,35,Spain,9,38817.57,496,0,0,4.0
102411,Customer_102411,Male,55,Germany,9,69932.71,719,0,0,3.0
102412,Customer_102412,Male,63,Spain,1,71163.75,772,1,0,4.0
102413,Customer_102413,Male,32,France,15,69311.67,643,1,0,2.0
102414,Customer_102414,Female,40,France,1,42505.14,752,1,0,2.0
102415,Customer_102415,Male,47,France,4,28362.66,653,1,0,2.0
102416,Customer_102416,Female,32,UK,15,99884.6,775,0,0,1.0
102417,Customer_102417,Female,45,UK,8,61744.73,621,0,0,1.0
102418,Customer_102418,Female,39,France,10,34198.2,478,1,0,2.0
102419,Customer_102419,Female,39,UK,7,79709.45,649,0,0,1.0
102420,Customer_102420,Male,43,Spain,12,33004.56,783,1,0,4.0
102421,Customer_102421,Male,43,UK,1,79240.39,695,1,0,1.0
102422,Customer_102422,Male,44,UK,10,81687.23,616,0,0,1.0
102423,Customer_102423,Male,35,Germany,1,27743.52,680,1,0,3.0
102424,Customer_102424,Female,35,UK,2,54568.72,728,1,0,1.0
102425,Customer_102425,Male,41,Spain,8,59719.31,649,0,0,4.0
102426,Customer_102426,Male,41,Germany,7,136234.65,850,1,0,3.0
102427,Customer_102427,Male,37,UK,2,30073.19,616,1,0,1.0
102428,Customer_102428,Male,46,Germany,12,80023.0,730,1,0,3.0
102429,Customer_102429,Female,20,France,4,42329.12,712,1,0,2.0
102430,Customer_102430,Male,33,Germany,13,24024.06,603,1,0,3.0
102431,Customer_102431,Female,39,Germany,0,39792.38,623,1,1,3.0
102432,Customer_102432,Female,32,Germany,3,42046.61,731,1,0,3.0
102433,Customer_102433,Female,62,France,4,26080.01,666,1,0,2.0
102434,Customer_102434,Male,42,UK,9,48334.6,680,1,1,1.0
102435,Customer_102435,Female,44,Germany,6,64630.33,532,0,0,3.0
102436,Customer_102436,Male,36,Spain,2,46752.13,704,1,0,4.0
102437,Customer_102437,Male,42,France,9,32912.08,677,1,1,2.0
102438,Customer_102438,Female,27,Germany,15,39285.57,650,0,0,3.0
102439,Customer_102439,Female,40,France,2,41914.22,682,1,1,2.0
102440,Customer_102440,Male,31,Germany,4,46314.93,624,1,1,3.0
102441,Customer_102441,Female,39,Spain,7,69206.41,611,1,0,4.0
102442,Customer_102442,Male,18,UK,11,47467.37,637,1,0,1.0
102443,Customer_102443,Female,28,UK,2,22341.73,620,0,0,1.0
102444,Customer_102444,Female,60,France,3,32610.2,819,1,0,2.0
102445,Customer_102445,Female,52,France,3,45257.98,723,0,0,2.0
102446,Customer_102446,Female,58,France,9,69652.99,582,1,0,2.0
102447,Customer_102447,Female,59,UK,1,75316.6,808,1,0,1.0
102448,Customer_102448,Female,50,France,10,93342.73,623,1,0,2.0
102449,Customer_102449,Female,37,France,6,44542.6,657,1,0,2.0
102450,Customer_102450,Female,30,France,5,59214.04,722,1,0,2.0
102451,Customer_102451,Male,56,Germany,13,21827.31,507,0,0,3.0
102452,Customer_102452,Female,43,Germany,13,50963.84,637,1,0,3.0
102453,Customer_102453,Male,72,France,12,25888.55,612,0,1,2.0
102454,Customer_102454,Female,38,Germany,14,40834.49,670,0,0,3.0
102455,Customer_102455,Male,66,France,3,164201.92,683,1,0,2.0
102456,Customer_102456,Male,40,France,13,48147.49,649,0,1,2.0
102457,Customer_102457,Female,58,France,2,28472.93,646,1,0,2.0
102458,Customer_102458,Male,62,UK,5,50459.68,735,1,0,1.0
102459,Customer_102459,Male,30,UK,8,33280.97,678,1,0,1.0
102460,Customer_102460,Female,36,France,11,27257.67,658,1,0,2.0
102461,Customer_102461,Male,30,Spain,9,108210.93,666,1,0,4.0
102462,Customer_102462,Male,27,Germany,8,67879.56,793,1,0,3.0
102463,Customer_102463,Male,50,UK,6,49065.74,668,0,0,1.0
102464,Customer_102464,Male,40,France,9,35210.67,616,1,0,2.0
102465,Customer_102465,Male,43,UK,7,36518.33,512,0,1,1.0
102466,Customer_102466,Male,49,Germany,7,84081.49,547,1,0,3.0
102467,Customer_102467,Male,20,Germany,9,48213.04,620,1,0,3.0
102468,Customer_102468,Male,57,France,9,16000.0,647,1,0,2.0
102469,Customer_102469,Male,38,France,5,124847.37,613,1,1,2.0
102470,Customer_102470,Female,48,UK,2,45606.38,681,1,0,1.0
102471,Customer_102471,Female,49,France,4,49017.91,612,0,1,2.0
102472,Customer_102472,Male,58,Spain,6,68489.63,586,1,0,4.0
102473,Customer_102473,Male,41,Germany,2,51785.02,701,1,1,3.0
102474,Customer_102474,Female,18,France,2,58778.64,758,1,0,2.0
102475,Customer_102475,Female,43,UK,15,34708.83,572,1,0,1.0
102476,Customer_102476,Male,44,UK,4,24149.45,673,0,0,1.0
102477,Customer_102477,Male,30,UK,11,47644.84,512,1,0,1.0
102478,Customer_102478,Male,44,UK,2,79989.57,544,0,1,1.0
102479,Customer_102479,Female,38,UK,15,31379.61,611,1,0,1.0
102480,Customer_102480,Female,26,Spain,3,30267.02,740,1,0,4.0
102481,Customer_102481,Female,50,France,6,72757.23,597,1,1,2.0
102482,Customer_102482,Male,35,UK,12,34189.18,594,1,0,1.0
102483,Customer_102483,Male,37,UK,3,,658,0,0,1.0
102484,Customer_102484,Male,36,UK,8,35507.88,658,1,1,1.0
102485,Customer_102485,Male,57,Germany,12,40789.64,596,1,0,3.0
102486,Customer_102486,Male,42,UK,0,20687.56,804,1,0,1.0
102487,Customer_102487,Female,43,Germany,0,32949.19,635,0,1,3.0
102488,Customer_102488,Male,37,Germany,12,46587.64,664,1,0,3.0
102489,Customer_102489,Female,48,UK,4,46438.4,625,1,0,1.0
102490,Customer_102490,Male,58,France,14,70722.69,688,1,0,2.0
102491,Customer_102491,Male,50,Spain,14,96100.65,748,1,0,4.0
102492,Customer_102492,Female,50,France,14,82954.08,780,1,0,2.0
102493,Customer_102493,Female,49,UK,15,63387.28,598,0,0,1.0
102494,Customer_102494,Male,25,Spain,13,39280.93,738,1,0,4.0
102495,Customer_102495,Female,31,Spain,6,31730.82,696,0,0,4.0
102496,Customer_102496,Male,40,France,15,42339.27,728,0,0,2.0
102497,Customer_102497,Male,33,France,5,54662.62,648,1,0,2.0
102498,Customer_102498,Male,29,UK,9,60797.07,641,1,0,1.0
102499,Customer_102499,Male,20,Germany,0,55593.05,725,1,0,3.0
102500,Customer_102500,Female,26,France,15,39771.11,727,0,0,2.0
100171,Customer_100171,Female,54,UK,15,48072.4,680,1,1,1.0
102226,Customer_102226,Male,40,UK,12,34661.37,774,1,0,1.0
102451,Customer_102451,Male,56,Germany,13,21827.31,507,0,0,3.0
100998,Customer_100998,Female,36,UK,8,58365.4,697,1,0,1.0
100241,Customer_100241,Male,50,Germany,12,50076.58,695,1,0,3.0
100433,Customer_100433,Female,30,Germany,1,54070.9,792,1,0,3.0
